INSERT INTO `cities` (`city_id`, `name`, `updated_by`, `created_at`, `updated_at`) VALUES
(1,	'Thành phố Hà Nội',	1,	'2024-01-28 01:19:29',	'2024-01-28 01:19:29'),
(2,	'Thành phố Hồ Chí Minh',	1,	'2024-01-28 01:19:43',	'2024-01-28 01:19:43');

INSERT INTO `districts` (`district_id`, `city_id`, `name`, `updated_by`, `created_at`, `updated_at`) VALUES
(1,	1,	'Quận Ba Đình',	1,	'2024-01-28 01:19:30',	'2024-01-28 01:19:30'),
(2,	1,	'Quận Hoàn Kiếm',	1,	'2024-01-28 01:19:30',	'2024-01-28 01:19:30'),
(3,	1,	'Quận Tây Hồ',	1,	'2024-01-28 01:19:31',	'2024-01-28 01:19:31'),
(4,	1,	'Quận Long Biên',	1,	'2024-01-28 01:19:31',	'2024-01-28 01:19:31'),
(5,	1,	'Quận Cầu Giấy',	1,	'2024-01-28 01:19:31',	'2024-01-28 01:19:31'),
(6,	1,	'Quận Đống Đa',	1,	'2024-01-28 01:19:32',	'2024-01-28 01:19:32'),
(7,	1,	'Quận Hai Bà Trưng',	1,	'2024-01-28 01:19:32',	'2024-01-28 01:19:32'),
(8,	1,	'Quận Hoàng Mai',	1,	'2024-01-28 01:19:33',	'2024-01-28 01:19:33'),
(9,	1,	'Quận Thanh Xuân',	1,	'2024-01-28 01:19:33',	'2024-01-28 01:19:33'),
(10,	1,	'Huyện Sóc Sơn',	1,	'2024-01-28 01:19:33',	'2024-01-28 01:19:33'),
(11,	1,	'Huyện Đông Anh',	1,	'2024-01-28 01:19:34',	'2024-01-28 01:19:34'),
(12,	1,	'Huyện Gia Lâm',	1,	'2024-01-28 01:19:35',	'2024-01-28 01:19:35'),
(13,	1,	'Quận Nam Từ Liêm',	1,	'2024-01-28 01:19:35',	'2024-01-28 01:19:35'),
(14,	1,	'Huyện Thanh Trì',	1,	'2024-01-28 01:19:35',	'2024-01-28 01:19:35'),
(15,	1,	'Quận Bắc Từ Liêm',	1,	'2024-01-28 01:19:36',	'2024-01-28 01:19:36'),
(16,	1,	'Huyện Mê Linh',	1,	'2024-01-28 01:19:36',	'2024-01-28 01:19:36'),
(17,	1,	'Quận Hà Đông',	1,	'2024-01-28 01:19:37',	'2024-01-28 01:19:37'),
(18,	1,	'Thị xã Sơn Tây',	1,	'2024-01-28 01:19:37',	'2024-01-28 01:19:37'),
(19,	1,	'Huyện Ba Vì',	1,	'2024-01-28 01:19:38',	'2024-01-28 01:19:38'),
(20,	1,	'Huyện Phúc Thọ',	1,	'2024-01-28 01:19:38',	'2024-01-28 01:19:38'),
(21,	1,	'Huyện Đan Phượng',	1,	'2024-01-28 01:19:39',	'2024-01-28 01:19:39'),
(22,	1,	'Huyện Hoài Đức',	1,	'2024-01-28 01:19:39',	'2024-01-28 01:19:39'),
(23,	1,	'Huyện Quốc Oai',	1,	'2024-01-28 01:19:40',	'2024-01-28 01:19:40'),
(24,	1,	'Huyện Thạch Thất',	1,	'2024-01-28 01:19:40',	'2024-01-28 01:19:40'),
(25,	1,	'Huyện Chương Mỹ',	1,	'2024-01-28 01:19:41',	'2024-01-28 01:19:41'),
(26,	1,	'Huyện Thanh Oai',	1,	'2024-01-28 01:19:41',	'2024-01-28 01:19:41'),
(27,	1,	'Huyện Thường Tín',	1,	'2024-01-28 01:19:42',	'2024-01-28 01:19:42'),
(28,	1,	'Huyện Phú Xuyên',	1,	'2024-01-28 01:19:42',	'2024-01-28 01:19:42'),
(29,	1,	'Huyện Ứng Hòa',	1,	'2024-01-28 01:19:43',	'2024-01-28 01:19:43'),
(30,	1,	'Huyện Mỹ Đức',	1,	'2024-01-28 01:19:43',	'2024-01-28 01:19:43'),
(31,	2,	'Quận 1',	1,	'2024-01-28 01:19:43',	'2024-01-28 01:19:43'),
(32,	2,	'Quận 12',	1,	'2024-01-28 01:19:44',	'2024-01-28 01:19:44'),
(33,	2,	'Quận Gò Vấp',	1,	'2024-01-28 01:19:45',	'2024-01-28 01:19:45'),
(34,	2,	'Quận Bình Thạnh',	1,	'2024-01-28 01:19:45',	'2024-01-28 01:19:45'),
(35,	2,	'Quận Tân Bình',	1,	'2024-01-28 01:19:45',	'2024-01-28 01:19:45'),
(36,	2,	'Quận Tân Phú',	1,	'2024-01-28 01:19:46',	'2024-01-28 01:19:46'),
(37,	2,	'Quận Phú Nhuận',	1,	'2024-01-28 01:19:46',	'2024-01-28 01:19:46'),
(38,	2,	'Thành phố Thủ Đức',	1,	'2024-01-28 01:19:46',	'2024-01-28 01:19:46'),
(39,	2,	'Quận 3',	1,	'2024-01-28 01:19:47',	'2024-01-28 01:19:47'),
(40,	2,	'Quận 10',	1,	'2024-01-28 01:19:47',	'2024-01-28 01:19:47'),
(41,	2,	'Quận 11',	1,	'2024-01-28 01:19:47',	'2024-01-28 01:19:47'),
(42,	2,	'Quận 4',	1,	'2024-01-28 01:19:48',	'2024-01-28 01:19:48'),
(43,	2,	'Quận 5',	1,	'2024-01-28 01:19:48',	'2024-01-28 01:19:48'),
(44,	2,	'Quận 6',	1,	'2024-01-28 01:19:48',	'2024-01-28 01:19:48'),
(45,	2,	'Quận 8',	1,	'2024-01-28 01:19:49',	'2024-01-28 01:19:49'),
(46,	2,	'Quận Bình Tân',	1,	'2024-01-28 01:19:49',	'2024-01-28 01:19:49'),
(47,	2,	'Quận 7',	1,	'2024-01-28 01:19:50',	'2024-01-28 01:19:50'),
(48,	2,	'Huyện Củ Chi',	1,	'2024-01-28 01:19:50',	'2024-01-28 01:19:50'),
(49,	2,	'Huyện Hóc Môn',	1,	'2024-01-28 01:19:50',	'2024-01-28 01:19:50'),
(50,	2,	'Huyện Bình Chánh',	1,	'2024-01-28 01:19:51',	'2024-01-28 01:19:51'),
(51,	2,	'Huyện Nhà Bè',	1,	'2024-01-28 01:19:51',	'2024-01-28 01:19:51'),
(52,	2,	'Huyện Cần Giờ',	1,	'2024-01-28 01:19:52',	'2024-01-28 01:19:52');

INSERT INTO `wards` (`ward_id`, `district_id`, `name`, `updated_by`, `created_at`, `updated_at`) VALUES
(1,	1,	'Phường Phúc Xá',	1,	'2024-01-28 01:19:30',	'2024-01-28 01:19:30'),
(2,	1,	'Phường Trúc Bạch',	1,	'2024-01-28 01:19:30',	'2024-01-28 01:19:30'),
(3,	1,	'Phường Vĩnh Phúc',	1,	'2024-01-28 01:19:30',	'2024-01-28 01:19:30'),
(4,	1,	'Phường Cống Vị',	1,	'2024-01-28 01:19:30',	'2024-01-28 01:19:30'),
(5,	1,	'Phường Liễu Giai',	1,	'2024-01-28 01:19:30',	'2024-01-28 01:19:30'),
(6,	1,	'Phường Nguyễn Trung Trực',	1,	'2024-01-28 01:19:30',	'2024-01-28 01:19:30'),
(7,	1,	'Phường Quán Thánh',	1,	'2024-01-28 01:19:30',	'2024-01-28 01:19:30'),
(8,	1,	'Phường Ngọc Hà',	1,	'2024-01-28 01:19:30',	'2024-01-28 01:19:30'),
(9,	1,	'Phường Điện Biên',	1,	'2024-01-28 01:19:30',	'2024-01-28 01:19:30'),
(10,	1,	'Phường Đội Cấn',	1,	'2024-01-28 01:19:30',	'2024-01-28 01:19:30'),
(11,	1,	'Phường Ngọc Khánh',	1,	'2024-01-28 01:19:30',	'2024-01-28 01:19:30'),
(12,	1,	'Phường Kim Mã',	1,	'2024-01-28 01:19:30',	'2024-01-28 01:19:30'),
(13,	1,	'Phường Giảng Võ',	1,	'2024-01-28 01:19:30',	'2024-01-28 01:19:30'),
(14,	1,	'Phường Thành Công',	1,	'2024-01-28 01:19:30',	'2024-01-28 01:19:30'),
(15,	2,	'Phường Phúc Tân',	1,	'2024-01-28 01:19:30',	'2024-01-28 01:19:30'),
(16,	2,	'Phường Đồng Xuân',	1,	'2024-01-28 01:19:30',	'2024-01-28 01:19:30'),
(17,	2,	'Phường Hàng Mã',	1,	'2024-01-28 01:19:30',	'2024-01-28 01:19:30'),
(18,	2,	'Phường Hàng Buồm',	1,	'2024-01-28 01:19:30',	'2024-01-28 01:19:30'),
(19,	2,	'Phường Hàng Đào',	1,	'2024-01-28 01:19:30',	'2024-01-28 01:19:30'),
(20,	2,	'Phường Hàng Bồ',	1,	'2024-01-28 01:19:30',	'2024-01-28 01:19:30'),
(21,	2,	'Phường Cửa Đông',	1,	'2024-01-28 01:19:30',	'2024-01-28 01:19:30'),
(22,	2,	'Phường Lý Thái Tổ',	1,	'2024-01-28 01:19:30',	'2024-01-28 01:19:30'),
(23,	2,	'Phường Hàng Bạc',	1,	'2024-01-28 01:19:30',	'2024-01-28 01:19:30'),
(24,	2,	'Phường Hàng Gai',	1,	'2024-01-28 01:19:30',	'2024-01-28 01:19:30'),
(25,	2,	'Phường Chương Dương',	1,	'2024-01-28 01:19:30',	'2024-01-28 01:19:30'),
(26,	2,	'Phường Hàng Trống',	1,	'2024-01-28 01:19:30',	'2024-01-28 01:19:30'),
(27,	2,	'Phường Cửa Nam',	1,	'2024-01-28 01:19:30',	'2024-01-28 01:19:30'),
(28,	2,	'Phường Hàng Bông',	1,	'2024-01-28 01:19:30',	'2024-01-28 01:19:30'),
(29,	2,	'Phường Tràng Tiền',	1,	'2024-01-28 01:19:30',	'2024-01-28 01:19:30'),
(30,	2,	'Phường Trần Hưng Đạo',	1,	'2024-01-28 01:19:30',	'2024-01-28 01:19:30'),
(31,	2,	'Phường Phan Chu Trinh',	1,	'2024-01-28 01:19:30',	'2024-01-28 01:19:30'),
(32,	2,	'Phường Hàng Bài',	1,	'2024-01-28 01:19:30',	'2024-01-28 01:19:30'),
(33,	3,	'Phường Phú Thượng',	1,	'2024-01-28 01:19:31',	'2024-01-28 01:19:31'),
(34,	3,	'Phường Nhật Tân',	1,	'2024-01-28 01:19:31',	'2024-01-28 01:19:31'),
(35,	3,	'Phường Tứ Liên',	1,	'2024-01-28 01:19:31',	'2024-01-28 01:19:31'),
(36,	3,	'Phường Quảng An',	1,	'2024-01-28 01:19:31',	'2024-01-28 01:19:31'),
(37,	3,	'Phường Xuân La',	1,	'2024-01-28 01:19:31',	'2024-01-28 01:19:31'),
(38,	3,	'Phường Yên Phụ',	1,	'2024-01-28 01:19:31',	'2024-01-28 01:19:31'),
(39,	3,	'Phường Bưởi',	1,	'2024-01-28 01:19:31',	'2024-01-28 01:19:31'),
(40,	3,	'Phường Thụy Khuê',	1,	'2024-01-28 01:19:31',	'2024-01-28 01:19:31'),
(41,	4,	'Phường Thượng Thanh',	1,	'2024-01-28 01:19:31',	'2024-01-28 01:19:31'),
(42,	4,	'Phường Ngọc Thụy',	1,	'2024-01-28 01:19:31',	'2024-01-28 01:19:31'),
(43,	4,	'Phường Giang Biên',	1,	'2024-01-28 01:19:31',	'2024-01-28 01:19:31'),
(44,	4,	'Phường Đức Giang',	1,	'2024-01-28 01:19:31',	'2024-01-28 01:19:31'),
(45,	4,	'Phường Việt Hưng',	1,	'2024-01-28 01:19:31',	'2024-01-28 01:19:31'),
(46,	4,	'Phường Gia Thụy',	1,	'2024-01-28 01:19:31',	'2024-01-28 01:19:31'),
(47,	4,	'Phường Ngọc Lâm',	1,	'2024-01-28 01:19:31',	'2024-01-28 01:19:31'),
(48,	4,	'Phường Phúc Lợi',	1,	'2024-01-28 01:19:31',	'2024-01-28 01:19:31'),
(49,	4,	'Phường Bồ Đề',	1,	'2024-01-28 01:19:31',	'2024-01-28 01:19:31'),
(50,	4,	'Phường Sài Đồng',	1,	'2024-01-28 01:19:31',	'2024-01-28 01:19:31'),
(51,	4,	'Phường Long Biên',	1,	'2024-01-28 01:19:31',	'2024-01-28 01:19:31'),
(52,	4,	'Phường Thạch Bàn',	1,	'2024-01-28 01:19:31',	'2024-01-28 01:19:31'),
(53,	4,	'Phường Phúc Đồng',	1,	'2024-01-28 01:19:31',	'2024-01-28 01:19:31'),
(54,	4,	'Phường Cự Khối',	1,	'2024-01-28 01:19:31',	'2024-01-28 01:19:31'),
(55,	5,	'Phường Nghĩa Đô',	1,	'2024-01-28 01:19:31',	'2024-01-28 01:19:31'),
(56,	5,	'Phường Nghĩa Tân',	1,	'2024-01-28 01:19:31',	'2024-01-28 01:19:31'),
(57,	5,	'Phường Mai Dịch',	1,	'2024-01-28 01:19:31',	'2024-01-28 01:19:31'),
(58,	5,	'Phường Dịch Vọng',	1,	'2024-01-28 01:19:31',	'2024-01-28 01:19:31'),
(59,	5,	'Phường Dịch Vọng Hậu',	1,	'2024-01-28 01:19:31',	'2024-01-28 01:19:31'),
(60,	5,	'Phường Quan Hoa',	1,	'2024-01-28 01:19:31',	'2024-01-28 01:19:31'),
(61,	5,	'Phường Yên Hoà',	1,	'2024-01-28 01:19:31',	'2024-01-28 01:19:31'),
(62,	5,	'Phường Trung Hoà',	1,	'2024-01-28 01:19:31',	'2024-01-28 01:19:31'),
(63,	6,	'Phường Cát Linh',	1,	'2024-01-28 01:19:32',	'2024-01-28 01:19:32'),
(64,	6,	'Phường Văn Miếu',	1,	'2024-01-28 01:19:32',	'2024-01-28 01:19:32'),
(65,	6,	'Phường Quốc Tử Giám',	1,	'2024-01-28 01:19:32',	'2024-01-28 01:19:32'),
(66,	6,	'Phường Láng Thượng',	1,	'2024-01-28 01:19:32',	'2024-01-28 01:19:32'),
(67,	6,	'Phường Ô Chợ Dừa',	1,	'2024-01-28 01:19:32',	'2024-01-28 01:19:32'),
(68,	6,	'Phường Văn Chương',	1,	'2024-01-28 01:19:32',	'2024-01-28 01:19:32'),
(69,	6,	'Phường Hàng Bột',	1,	'2024-01-28 01:19:32',	'2024-01-28 01:19:32'),
(70,	6,	'Phường Láng Hạ',	1,	'2024-01-28 01:19:32',	'2024-01-28 01:19:32'),
(71,	6,	'Phường Khâm Thiên',	1,	'2024-01-28 01:19:32',	'2024-01-28 01:19:32'),
(72,	6,	'Phường Thổ Quan',	1,	'2024-01-28 01:19:32',	'2024-01-28 01:19:32'),
(73,	6,	'Phường Nam Đồng',	1,	'2024-01-28 01:19:32',	'2024-01-28 01:19:32'),
(74,	6,	'Phường Trung Phụng',	1,	'2024-01-28 01:19:32',	'2024-01-28 01:19:32'),
(75,	6,	'Phường Quang Trung',	1,	'2024-01-28 01:19:32',	'2024-01-28 01:19:32'),
(76,	6,	'Phường Trung Liệt',	1,	'2024-01-28 01:19:32',	'2024-01-28 01:19:32'),
(77,	6,	'Phường Phương Liên',	1,	'2024-01-28 01:19:32',	'2024-01-28 01:19:32'),
(78,	6,	'Phường Thịnh Quang',	1,	'2024-01-28 01:19:32',	'2024-01-28 01:19:32'),
(79,	6,	'Phường Trung Tự',	1,	'2024-01-28 01:19:32',	'2024-01-28 01:19:32'),
(80,	6,	'Phường Kim Liên',	1,	'2024-01-28 01:19:32',	'2024-01-28 01:19:32'),
(81,	6,	'Phường Phương Mai',	1,	'2024-01-28 01:19:32',	'2024-01-28 01:19:32'),
(82,	6,	'Phường Ngã Tư Sở',	1,	'2024-01-28 01:19:32',	'2024-01-28 01:19:32'),
(83,	6,	'Phường Khương Thượng',	1,	'2024-01-28 01:19:32',	'2024-01-28 01:19:32'),
(84,	7,	'Phường Nguyễn Du',	1,	'2024-01-28 01:19:32',	'2024-01-28 01:19:32'),
(85,	7,	'Phường Bạch Đằng',	1,	'2024-01-28 01:19:32',	'2024-01-28 01:19:32'),
(86,	7,	'Phường Phạm Đình Hổ',	1,	'2024-01-28 01:19:32',	'2024-01-28 01:19:32'),
(87,	7,	'Phường Lê Đại Hành',	1,	'2024-01-28 01:19:32',	'2024-01-28 01:19:32'),
(88,	7,	'Phường Đồng Nhân',	1,	'2024-01-28 01:19:32',	'2024-01-28 01:19:32'),
(89,	7,	'Phường Phố Huế',	1,	'2024-01-28 01:19:32',	'2024-01-28 01:19:32'),
(90,	7,	'Phường Đống Mác',	1,	'2024-01-28 01:19:32',	'2024-01-28 01:19:32'),
(91,	7,	'Phường Thanh Lương',	1,	'2024-01-28 01:19:32',	'2024-01-28 01:19:32'),
(92,	7,	'Phường Thanh Nhàn',	1,	'2024-01-28 01:19:32',	'2024-01-28 01:19:32'),
(93,	7,	'Phường Cầu Dền',	1,	'2024-01-28 01:19:32',	'2024-01-28 01:19:32'),
(94,	7,	'Phường Bách Khoa',	1,	'2024-01-28 01:19:32',	'2024-01-28 01:19:32'),
(95,	7,	'Phường Đồng Tâm',	1,	'2024-01-28 01:19:32',	'2024-01-28 01:19:32'),
(96,	7,	'Phường Vĩnh Tuy',	1,	'2024-01-28 01:19:32',	'2024-01-28 01:19:32'),
(97,	7,	'Phường Bạch Mai',	1,	'2024-01-28 01:19:32',	'2024-01-28 01:19:32'),
(98,	7,	'Phường Quỳnh Mai',	1,	'2024-01-28 01:19:32',	'2024-01-28 01:19:32'),
(99,	7,	'Phường Quỳnh Lôi',	1,	'2024-01-28 01:19:32',	'2024-01-28 01:19:32'),
(100,	7,	'Phường Minh Khai',	1,	'2024-01-28 01:19:32',	'2024-01-28 01:19:32'),
(101,	7,	'Phường Trương Định',	1,	'2024-01-28 01:19:32',	'2024-01-28 01:19:32'),
(102,	8,	'Phường Thanh Trì',	1,	'2024-01-28 01:19:33',	'2024-01-28 01:19:33'),
(103,	8,	'Phường Vĩnh Hưng',	1,	'2024-01-28 01:19:33',	'2024-01-28 01:19:33'),
(104,	8,	'Phường Định Công',	1,	'2024-01-28 01:19:33',	'2024-01-28 01:19:33'),
(105,	8,	'Phường Mai Động',	1,	'2024-01-28 01:19:33',	'2024-01-28 01:19:33'),
(106,	8,	'Phường Tương Mai',	1,	'2024-01-28 01:19:33',	'2024-01-28 01:19:33'),
(107,	8,	'Phường Đại Kim',	1,	'2024-01-28 01:19:33',	'2024-01-28 01:19:33'),
(108,	8,	'Phường Tân Mai',	1,	'2024-01-28 01:19:33',	'2024-01-28 01:19:33'),
(109,	8,	'Phường Hoàng Văn Thụ',	1,	'2024-01-28 01:19:33',	'2024-01-28 01:19:33'),
(110,	8,	'Phường Giáp Bát',	1,	'2024-01-28 01:19:33',	'2024-01-28 01:19:33'),
(111,	8,	'Phường Lĩnh Nam',	1,	'2024-01-28 01:19:33',	'2024-01-28 01:19:33'),
(112,	8,	'Phường Thịnh Liệt',	1,	'2024-01-28 01:19:33',	'2024-01-28 01:19:33'),
(113,	8,	'Phường Trần Phú',	1,	'2024-01-28 01:19:33',	'2024-01-28 01:19:33'),
(114,	8,	'Phường Hoàng Liệt',	1,	'2024-01-28 01:19:33',	'2024-01-28 01:19:33'),
(115,	8,	'Phường Yên Sở',	1,	'2024-01-28 01:19:33',	'2024-01-28 01:19:33'),
(116,	9,	'Phường Nhân Chính',	1,	'2024-01-28 01:19:33',	'2024-01-28 01:19:33'),
(117,	9,	'Phường Thượng Đình',	1,	'2024-01-28 01:19:33',	'2024-01-28 01:19:33'),
(118,	9,	'Phường Khương Trung',	1,	'2024-01-28 01:19:33',	'2024-01-28 01:19:33'),
(119,	9,	'Phường Khương Mai',	1,	'2024-01-28 01:19:33',	'2024-01-28 01:19:33'),
(120,	9,	'Phường Thanh Xuân Trung',	1,	'2024-01-28 01:19:33',	'2024-01-28 01:19:33'),
(121,	9,	'Phường Phương Liệt',	1,	'2024-01-28 01:19:33',	'2024-01-28 01:19:33'),
(122,	9,	'Phường Hạ Đình',	1,	'2024-01-28 01:19:33',	'2024-01-28 01:19:33'),
(123,	9,	'Phường Khương Đình',	1,	'2024-01-28 01:19:33',	'2024-01-28 01:19:33'),
(124,	9,	'Phường Thanh Xuân Bắc',	1,	'2024-01-28 01:19:33',	'2024-01-28 01:19:33'),
(125,	9,	'Phường Thanh Xuân Nam',	1,	'2024-01-28 01:19:33',	'2024-01-28 01:19:33'),
(126,	9,	'Phường Kim Giang',	1,	'2024-01-28 01:19:33',	'2024-01-28 01:19:33'),
(127,	10,	'Thị trấn Sóc Sơn',	1,	'2024-01-28 01:19:33',	'2024-01-28 01:19:33'),
(128,	10,	'Xã Bắc Sơn',	1,	'2024-01-28 01:19:33',	'2024-01-28 01:19:33'),
(129,	10,	'Xã Minh Trí',	1,	'2024-01-28 01:19:33',	'2024-01-28 01:19:33'),
(130,	10,	'Xã Hồng Kỳ',	1,	'2024-01-28 01:19:33',	'2024-01-28 01:19:33'),
(131,	10,	'Xã Nam Sơn',	1,	'2024-01-28 01:19:33',	'2024-01-28 01:19:33'),
(132,	10,	'Xã Trung Giã',	1,	'2024-01-28 01:19:33',	'2024-01-28 01:19:33'),
(133,	10,	'Xã Tân Hưng',	1,	'2024-01-28 01:19:34',	'2024-01-28 01:19:34'),
(134,	10,	'Xã Minh Phú',	1,	'2024-01-28 01:19:34',	'2024-01-28 01:19:34'),
(135,	10,	'Xã Phù Linh',	1,	'2024-01-28 01:19:34',	'2024-01-28 01:19:34'),
(136,	10,	'Xã Bắc Phú',	1,	'2024-01-28 01:19:34',	'2024-01-28 01:19:34'),
(137,	10,	'Xã Tân Minh',	1,	'2024-01-28 01:19:34',	'2024-01-28 01:19:34'),
(138,	10,	'Xã Quang Tiến',	1,	'2024-01-28 01:19:34',	'2024-01-28 01:19:34'),
(139,	10,	'Xã Hiền Ninh',	1,	'2024-01-28 01:19:34',	'2024-01-28 01:19:34'),
(140,	10,	'Xã Tân Dân',	1,	'2024-01-28 01:19:34',	'2024-01-28 01:19:34'),
(141,	10,	'Xã Tiên Dược',	1,	'2024-01-28 01:19:34',	'2024-01-28 01:19:34'),
(142,	10,	'Xã Việt Long',	1,	'2024-01-28 01:19:34',	'2024-01-28 01:19:34'),
(143,	10,	'Xã Xuân Giang',	1,	'2024-01-28 01:19:34',	'2024-01-28 01:19:34'),
(144,	10,	'Xã Mai Đình',	1,	'2024-01-28 01:19:34',	'2024-01-28 01:19:34'),
(145,	10,	'Xã Đức Hoà',	1,	'2024-01-28 01:19:34',	'2024-01-28 01:19:34'),
(146,	10,	'Xã Thanh Xuân',	1,	'2024-01-28 01:19:34',	'2024-01-28 01:19:34'),
(147,	10,	'Xã Đông Xuân',	1,	'2024-01-28 01:19:34',	'2024-01-28 01:19:34'),
(148,	10,	'Xã Kim Lũ',	1,	'2024-01-28 01:19:34',	'2024-01-28 01:19:34'),
(149,	10,	'Xã Phú Cường',	1,	'2024-01-28 01:19:34',	'2024-01-28 01:19:34'),
(150,	10,	'Xã Phú Minh',	1,	'2024-01-28 01:19:34',	'2024-01-28 01:19:34'),
(151,	10,	'Xã Phù Lỗ',	1,	'2024-01-28 01:19:34',	'2024-01-28 01:19:34'),
(152,	10,	'Xã Xuân Thu',	1,	'2024-01-28 01:19:34',	'2024-01-28 01:19:34'),
(153,	11,	'Thị trấn Đông Anh',	1,	'2024-01-28 01:19:34',	'2024-01-28 01:19:34'),
(154,	11,	'Xã Xuân Nộn',	1,	'2024-01-28 01:19:34',	'2024-01-28 01:19:34'),
(155,	11,	'Xã Thuỵ Lâm',	1,	'2024-01-28 01:19:34',	'2024-01-28 01:19:34'),
(156,	11,	'Xã Bắc Hồng',	1,	'2024-01-28 01:19:34',	'2024-01-28 01:19:34'),
(157,	11,	'Xã Nguyên Khê',	1,	'2024-01-28 01:19:34',	'2024-01-28 01:19:34'),
(158,	11,	'Xã Nam Hồng',	1,	'2024-01-28 01:19:34',	'2024-01-28 01:19:34'),
(159,	11,	'Xã Tiên Dương',	1,	'2024-01-28 01:19:34',	'2024-01-28 01:19:34'),
(160,	11,	'Xã Vân Hà',	1,	'2024-01-28 01:19:34',	'2024-01-28 01:19:34'),
(161,	11,	'Xã Uy Nỗ',	1,	'2024-01-28 01:19:34',	'2024-01-28 01:19:34'),
(162,	11,	'Xã Vân Nội',	1,	'2024-01-28 01:19:34',	'2024-01-28 01:19:34'),
(163,	11,	'Xã Liên Hà',	1,	'2024-01-28 01:19:34',	'2024-01-28 01:19:34'),
(164,	11,	'Xã Việt Hùng',	1,	'2024-01-28 01:19:34',	'2024-01-28 01:19:34'),
(165,	11,	'Xã Kim Nỗ',	1,	'2024-01-28 01:19:34',	'2024-01-28 01:19:34'),
(166,	11,	'Xã Kim Chung',	1,	'2024-01-28 01:19:34',	'2024-01-28 01:19:34'),
(167,	11,	'Xã Dục Tú',	1,	'2024-01-28 01:19:34',	'2024-01-28 01:19:34'),
(168,	11,	'Xã Đại Mạch',	1,	'2024-01-28 01:19:34',	'2024-01-28 01:19:34'),
(169,	11,	'Xã Vĩnh Ngọc',	1,	'2024-01-28 01:19:34',	'2024-01-28 01:19:34'),
(170,	11,	'Xã Cổ Loa',	1,	'2024-01-28 01:19:34',	'2024-01-28 01:19:34'),
(171,	11,	'Xã Hải Bối',	1,	'2024-01-28 01:19:34',	'2024-01-28 01:19:34'),
(172,	11,	'Xã Xuân Canh',	1,	'2024-01-28 01:19:34',	'2024-01-28 01:19:34'),
(173,	11,	'Xã Võng La',	1,	'2024-01-28 01:19:34',	'2024-01-28 01:19:34'),
(174,	11,	'Xã Tàm Xá',	1,	'2024-01-28 01:19:34',	'2024-01-28 01:19:34'),
(175,	11,	'Xã Mai Lâm',	1,	'2024-01-28 01:19:34',	'2024-01-28 01:19:34'),
(176,	11,	'Xã Đông Hội',	1,	'2024-01-28 01:19:34',	'2024-01-28 01:19:34'),
(177,	12,	'Thị trấn Yên Viên',	1,	'2024-01-28 01:19:35',	'2024-01-28 01:19:35'),
(178,	12,	'Xã Yên Thường',	1,	'2024-01-28 01:19:35',	'2024-01-28 01:19:35'),
(179,	12,	'Xã Yên Viên',	1,	'2024-01-28 01:19:35',	'2024-01-28 01:19:35'),
(180,	12,	'Xã Ninh Hiệp',	1,	'2024-01-28 01:19:35',	'2024-01-28 01:19:35'),
(181,	12,	'Xã Đình Xuyên',	1,	'2024-01-28 01:19:35',	'2024-01-28 01:19:35'),
(182,	12,	'Xã Dương Hà',	1,	'2024-01-28 01:19:35',	'2024-01-28 01:19:35'),
(183,	12,	'Xã Phù Đổng',	1,	'2024-01-28 01:19:35',	'2024-01-28 01:19:35'),
(184,	12,	'Xã Trung Mầu',	1,	'2024-01-28 01:19:35',	'2024-01-28 01:19:35'),
(185,	12,	'Xã Lệ Chi',	1,	'2024-01-28 01:19:35',	'2024-01-28 01:19:35'),
(186,	12,	'Xã Cổ Bi',	1,	'2024-01-28 01:19:35',	'2024-01-28 01:19:35'),
(187,	12,	'Xã Đặng Xá',	1,	'2024-01-28 01:19:35',	'2024-01-28 01:19:35'),
(188,	12,	'Xã Phú Thị',	1,	'2024-01-28 01:19:35',	'2024-01-28 01:19:35'),
(189,	12,	'Xã Kim Sơn',	1,	'2024-01-28 01:19:35',	'2024-01-28 01:19:35'),
(190,	12,	'Thị trấn Trâu Quỳ',	1,	'2024-01-28 01:19:35',	'2024-01-28 01:19:35'),
(191,	12,	'Xã Dương Quang',	1,	'2024-01-28 01:19:35',	'2024-01-28 01:19:35'),
(192,	12,	'Xã Dương Xá',	1,	'2024-01-28 01:19:35',	'2024-01-28 01:19:35'),
(193,	12,	'Xã Đông Dư',	1,	'2024-01-28 01:19:35',	'2024-01-28 01:19:35'),
(194,	12,	'Xã Đa Tốn',	1,	'2024-01-28 01:19:35',	'2024-01-28 01:19:35'),
(195,	12,	'Xã Kiêu Kỵ',	1,	'2024-01-28 01:19:35',	'2024-01-28 01:19:35'),
(196,	12,	'Xã Bát Tràng',	1,	'2024-01-28 01:19:35',	'2024-01-28 01:19:35'),
(197,	12,	'Xã Kim Lan',	1,	'2024-01-28 01:19:35',	'2024-01-28 01:19:35'),
(198,	12,	'Xã Văn Đức',	1,	'2024-01-28 01:19:35',	'2024-01-28 01:19:35'),
(199,	13,	'Phường Cầu Diễn',	1,	'2024-01-28 01:19:35',	'2024-01-28 01:19:35'),
(200,	13,	'Phường Xuân Phương',	1,	'2024-01-28 01:19:35',	'2024-01-28 01:19:35'),
(201,	13,	'Phường Phương Canh',	1,	'2024-01-28 01:19:35',	'2024-01-28 01:19:35'),
(202,	13,	'Phường Mỹ Đình 1',	1,	'2024-01-28 01:19:35',	'2024-01-28 01:19:35'),
(203,	13,	'Phường Mỹ Đình 2',	1,	'2024-01-28 01:19:35',	'2024-01-28 01:19:35'),
(204,	13,	'Phường Tây Mỗ',	1,	'2024-01-28 01:19:35',	'2024-01-28 01:19:35'),
(205,	13,	'Phường Mễ Trì',	1,	'2024-01-28 01:19:35',	'2024-01-28 01:19:35'),
(206,	13,	'Phường Phú Đô',	1,	'2024-01-28 01:19:35',	'2024-01-28 01:19:35'),
(207,	13,	'Phường Đại Mỗ',	1,	'2024-01-28 01:19:35',	'2024-01-28 01:19:35'),
(208,	13,	'Phường Trung Văn',	1,	'2024-01-28 01:19:35',	'2024-01-28 01:19:35'),
(209,	14,	'Thị trấn Văn Điển',	1,	'2024-01-28 01:19:35',	'2024-01-28 01:19:35'),
(210,	14,	'Xã Tân Triều',	1,	'2024-01-28 01:19:35',	'2024-01-28 01:19:35'),
(211,	14,	'Xã Thanh Liệt',	1,	'2024-01-28 01:19:35',	'2024-01-28 01:19:35'),
(212,	14,	'Xã Tả Thanh Oai',	1,	'2024-01-28 01:19:35',	'2024-01-28 01:19:35'),
(213,	14,	'Xã Hữu Hoà',	1,	'2024-01-28 01:19:35',	'2024-01-28 01:19:35'),
(214,	14,	'Xã Tam Hiệp',	1,	'2024-01-28 01:19:35',	'2024-01-28 01:19:35'),
(215,	14,	'Xã Tứ Hiệp',	1,	'2024-01-28 01:19:35',	'2024-01-28 01:19:35'),
(216,	14,	'Xã Yên Mỹ',	1,	'2024-01-28 01:19:35',	'2024-01-28 01:19:35'),
(217,	14,	'Xã Vĩnh Quỳnh',	1,	'2024-01-28 01:19:35',	'2024-01-28 01:19:35'),
(218,	14,	'Xã Ngũ Hiệp',	1,	'2024-01-28 01:19:35',	'2024-01-28 01:19:35'),
(219,	14,	'Xã Duyên Hà',	1,	'2024-01-28 01:19:36',	'2024-01-28 01:19:36'),
(220,	14,	'Xã Ngọc Hồi',	1,	'2024-01-28 01:19:36',	'2024-01-28 01:19:36'),
(221,	14,	'Xã Vạn Phúc',	1,	'2024-01-28 01:19:36',	'2024-01-28 01:19:36'),
(222,	14,	'Xã Đại áng',	1,	'2024-01-28 01:19:36',	'2024-01-28 01:19:36'),
(223,	14,	'Xã Liên Ninh',	1,	'2024-01-28 01:19:36',	'2024-01-28 01:19:36'),
(224,	14,	'Xã Đông Mỹ',	1,	'2024-01-28 01:19:36',	'2024-01-28 01:19:36'),
(225,	15,	'Phường Thượng Cát',	1,	'2024-01-28 01:19:36',	'2024-01-28 01:19:36'),
(226,	15,	'Phường Liên Mạc',	1,	'2024-01-28 01:19:36',	'2024-01-28 01:19:36'),
(227,	15,	'Phường Đông Ngạc',	1,	'2024-01-28 01:19:36',	'2024-01-28 01:19:36'),
(228,	15,	'Phường Đức Thắng',	1,	'2024-01-28 01:19:36',	'2024-01-28 01:19:36'),
(229,	15,	'Phường Thụy Phương',	1,	'2024-01-28 01:19:36',	'2024-01-28 01:19:36'),
(230,	15,	'Phường Tây Tựu',	1,	'2024-01-28 01:19:36',	'2024-01-28 01:19:36'),
(231,	15,	'Phường Xuân Đỉnh',	1,	'2024-01-28 01:19:36',	'2024-01-28 01:19:36'),
(232,	15,	'Phường Xuân Tảo',	1,	'2024-01-28 01:19:36',	'2024-01-28 01:19:36'),
(233,	15,	'Phường Minh Khai',	1,	'2024-01-28 01:19:36',	'2024-01-28 01:19:36'),
(234,	15,	'Phường Cổ Nhuế 1',	1,	'2024-01-28 01:19:36',	'2024-01-28 01:19:36'),
(235,	15,	'Phường Cổ Nhuế 2',	1,	'2024-01-28 01:19:36',	'2024-01-28 01:19:36'),
(236,	15,	'Phường Phú Diễn',	1,	'2024-01-28 01:19:36',	'2024-01-28 01:19:36'),
(237,	15,	'Phường Phúc Diễn',	1,	'2024-01-28 01:19:36',	'2024-01-28 01:19:36'),
(238,	16,	'Thị trấn Chi Đông',	1,	'2024-01-28 01:19:36',	'2024-01-28 01:19:36'),
(239,	16,	'Xã Đại Thịnh',	1,	'2024-01-28 01:19:36',	'2024-01-28 01:19:36'),
(240,	16,	'Xã Kim Hoa',	1,	'2024-01-28 01:19:36',	'2024-01-28 01:19:36'),
(241,	16,	'Xã Thạch Đà',	1,	'2024-01-28 01:19:36',	'2024-01-28 01:19:36'),
(242,	16,	'Xã Tiến Thắng',	1,	'2024-01-28 01:19:36',	'2024-01-28 01:19:36'),
(243,	16,	'Xã Tự Lập',	1,	'2024-01-28 01:19:36',	'2024-01-28 01:19:36'),
(244,	16,	'Thị trấn Quang Minh',	1,	'2024-01-28 01:19:36',	'2024-01-28 01:19:36'),
(245,	16,	'Xã Thanh Lâm',	1,	'2024-01-28 01:19:36',	'2024-01-28 01:19:36'),
(246,	16,	'Xã Tam Đồng',	1,	'2024-01-28 01:19:36',	'2024-01-28 01:19:36'),
(247,	16,	'Xã Liên Mạc',	1,	'2024-01-28 01:19:36',	'2024-01-28 01:19:36'),
(248,	16,	'Xã Vạn Yên',	1,	'2024-01-28 01:19:36',	'2024-01-28 01:19:36'),
(249,	16,	'Xã Chu Phan',	1,	'2024-01-28 01:19:36',	'2024-01-28 01:19:36'),
(250,	16,	'Xã Tiến Thịnh',	1,	'2024-01-28 01:19:36',	'2024-01-28 01:19:36'),
(251,	16,	'Xã Mê Linh',	1,	'2024-01-28 01:19:36',	'2024-01-28 01:19:36'),
(252,	16,	'Xã Văn Khê',	1,	'2024-01-28 01:19:36',	'2024-01-28 01:19:36'),
(253,	16,	'Xã Hoàng Kim',	1,	'2024-01-28 01:19:36',	'2024-01-28 01:19:36'),
(254,	16,	'Xã Tiền Phong',	1,	'2024-01-28 01:19:36',	'2024-01-28 01:19:36'),
(255,	16,	'Xã Tráng Việt',	1,	'2024-01-28 01:19:36',	'2024-01-28 01:19:36'),
(256,	17,	'Phường Nguyễn Trãi',	1,	'2024-01-28 01:19:37',	'2024-01-28 01:19:37'),
(257,	17,	'Phường Mộ Lao',	1,	'2024-01-28 01:19:37',	'2024-01-28 01:19:37'),
(258,	17,	'Phường Văn Quán',	1,	'2024-01-28 01:19:37',	'2024-01-28 01:19:37'),
(259,	17,	'Phường Vạn Phúc',	1,	'2024-01-28 01:19:37',	'2024-01-28 01:19:37'),
(260,	17,	'Phường Yết Kiêu',	1,	'2024-01-28 01:19:37',	'2024-01-28 01:19:37'),
(261,	17,	'Phường Quang Trung',	1,	'2024-01-28 01:19:37',	'2024-01-28 01:19:37'),
(262,	17,	'Phường La Khê',	1,	'2024-01-28 01:19:37',	'2024-01-28 01:19:37'),
(263,	17,	'Phường Phú La',	1,	'2024-01-28 01:19:37',	'2024-01-28 01:19:37'),
(264,	17,	'Phường Phúc La',	1,	'2024-01-28 01:19:37',	'2024-01-28 01:19:37'),
(265,	17,	'Phường Hà Cầu',	1,	'2024-01-28 01:19:37',	'2024-01-28 01:19:37'),
(266,	17,	'Phường Yên Nghĩa',	1,	'2024-01-28 01:19:37',	'2024-01-28 01:19:37'),
(267,	17,	'Phường Kiến Hưng',	1,	'2024-01-28 01:19:37',	'2024-01-28 01:19:37'),
(268,	17,	'Phường Phú Lãm',	1,	'2024-01-28 01:19:37',	'2024-01-28 01:19:37'),
(269,	17,	'Phường Phú Lương',	1,	'2024-01-28 01:19:37',	'2024-01-28 01:19:37'),
(270,	17,	'Phường Dương Nội',	1,	'2024-01-28 01:19:37',	'2024-01-28 01:19:37'),
(271,	17,	'Phường Đồng Mai',	1,	'2024-01-28 01:19:37',	'2024-01-28 01:19:37'),
(272,	17,	'Phường Biên Giang',	1,	'2024-01-28 01:19:37',	'2024-01-28 01:19:37'),
(273,	18,	'Phường Lê Lợi',	1,	'2024-01-28 01:19:37',	'2024-01-28 01:19:37'),
(274,	18,	'Phường Phú Thịnh',	1,	'2024-01-28 01:19:37',	'2024-01-28 01:19:37'),
(275,	18,	'Phường Ngô Quyền',	1,	'2024-01-28 01:19:37',	'2024-01-28 01:19:37'),
(276,	18,	'Phường Quang Trung',	1,	'2024-01-28 01:19:37',	'2024-01-28 01:19:37'),
(277,	18,	'Phường Sơn Lộc',	1,	'2024-01-28 01:19:37',	'2024-01-28 01:19:37'),
(278,	18,	'Phường Xuân Khanh',	1,	'2024-01-28 01:19:37',	'2024-01-28 01:19:37'),
(279,	18,	'Xã Đường Lâm',	1,	'2024-01-28 01:19:37',	'2024-01-28 01:19:37'),
(280,	18,	'Phường Viên Sơn',	1,	'2024-01-28 01:19:37',	'2024-01-28 01:19:37'),
(281,	18,	'Xã Xuân Sơn',	1,	'2024-01-28 01:19:37',	'2024-01-28 01:19:37'),
(282,	18,	'Phường Trung Hưng',	1,	'2024-01-28 01:19:37',	'2024-01-28 01:19:37'),
(283,	18,	'Xã Thanh Mỹ',	1,	'2024-01-28 01:19:37',	'2024-01-28 01:19:37'),
(284,	18,	'Phường Trung Sơn Trầm',	1,	'2024-01-28 01:19:37',	'2024-01-28 01:19:37'),
(285,	18,	'Xã Kim Sơn',	1,	'2024-01-28 01:19:37',	'2024-01-28 01:19:37'),
(286,	18,	'Xã Sơn Đông',	1,	'2024-01-28 01:19:37',	'2024-01-28 01:19:37'),
(287,	18,	'Xã Cổ Đông',	1,	'2024-01-28 01:19:37',	'2024-01-28 01:19:37'),
(288,	19,	'Thị trấn Tây Đằng',	1,	'2024-01-28 01:19:38',	'2024-01-28 01:19:38'),
(289,	19,	'Xã Phú Cường',	1,	'2024-01-28 01:19:38',	'2024-01-28 01:19:38'),
(290,	19,	'Xã Cổ Đô',	1,	'2024-01-28 01:19:38',	'2024-01-28 01:19:38'),
(291,	19,	'Xã Tản Hồng',	1,	'2024-01-28 01:19:38',	'2024-01-28 01:19:38'),
(292,	19,	'Xã Vạn Thắng',	1,	'2024-01-28 01:19:38',	'2024-01-28 01:19:38'),
(293,	19,	'Xã Châu Sơn',	1,	'2024-01-28 01:19:38',	'2024-01-28 01:19:38'),
(294,	19,	'Xã Phong Vân',	1,	'2024-01-28 01:19:38',	'2024-01-28 01:19:38'),
(295,	19,	'Xã Phú Đông',	1,	'2024-01-28 01:19:38',	'2024-01-28 01:19:38'),
(296,	19,	'Xã Phú Phương',	1,	'2024-01-28 01:19:38',	'2024-01-28 01:19:38'),
(297,	19,	'Xã Phú Châu',	1,	'2024-01-28 01:19:38',	'2024-01-28 01:19:38'),
(298,	19,	'Xã Thái Hòa',	1,	'2024-01-28 01:19:38',	'2024-01-28 01:19:38'),
(299,	19,	'Xã Đồng Thái',	1,	'2024-01-28 01:19:38',	'2024-01-28 01:19:38'),
(300,	19,	'Xã Phú Sơn',	1,	'2024-01-28 01:19:38',	'2024-01-28 01:19:38'),
(301,	19,	'Xã Minh Châu',	1,	'2024-01-28 01:19:38',	'2024-01-28 01:19:38'),
(302,	19,	'Xã Vật Lại',	1,	'2024-01-28 01:19:38',	'2024-01-28 01:19:38'),
(303,	19,	'Xã Chu Minh',	1,	'2024-01-28 01:19:38',	'2024-01-28 01:19:38'),
(304,	19,	'Xã Tòng Bạt',	1,	'2024-01-28 01:19:38',	'2024-01-28 01:19:38'),
(305,	19,	'Xã Cẩm Lĩnh',	1,	'2024-01-28 01:19:38',	'2024-01-28 01:19:38'),
(306,	19,	'Xã Sơn Đà',	1,	'2024-01-28 01:19:38',	'2024-01-28 01:19:38'),
(307,	19,	'Xã Đông Quang',	1,	'2024-01-28 01:19:38',	'2024-01-28 01:19:38'),
(308,	19,	'Xã Tiên Phong',	1,	'2024-01-28 01:19:38',	'2024-01-28 01:19:38'),
(309,	19,	'Xã Thụy An',	1,	'2024-01-28 01:19:38',	'2024-01-28 01:19:38'),
(310,	19,	'Xã Cam Thượng',	1,	'2024-01-28 01:19:38',	'2024-01-28 01:19:38'),
(311,	19,	'Xã Thuần Mỹ',	1,	'2024-01-28 01:19:38',	'2024-01-28 01:19:38'),
(312,	19,	'Xã Tản Lĩnh',	1,	'2024-01-28 01:19:38',	'2024-01-28 01:19:38'),
(313,	19,	'Xã Ba Trại',	1,	'2024-01-28 01:19:38',	'2024-01-28 01:19:38'),
(314,	19,	'Xã Minh Quang',	1,	'2024-01-28 01:19:38',	'2024-01-28 01:19:38'),
(315,	19,	'Xã Ba Vì',	1,	'2024-01-28 01:19:38',	'2024-01-28 01:19:38'),
(316,	19,	'Xã Vân Hòa',	1,	'2024-01-28 01:19:38',	'2024-01-28 01:19:38'),
(317,	19,	'Xã Yên Bài',	1,	'2024-01-28 01:19:38',	'2024-01-28 01:19:38'),
(318,	19,	'Xã Khánh Thượng',	1,	'2024-01-28 01:19:38',	'2024-01-28 01:19:38'),
(319,	20,	'Thị trấn Phúc Thọ',	1,	'2024-01-28 01:19:38',	'2024-01-28 01:19:38'),
(320,	20,	'Xã Vân Hà',	1,	'2024-01-28 01:19:38',	'2024-01-28 01:19:38'),
(321,	20,	'Xã Vân Phúc',	1,	'2024-01-28 01:19:38',	'2024-01-28 01:19:38'),
(322,	20,	'Xã Vân Nam',	1,	'2024-01-28 01:19:38',	'2024-01-28 01:19:38'),
(323,	20,	'Xã Xuân Đình',	1,	'2024-01-28 01:19:38',	'2024-01-28 01:19:38'),
(324,	20,	'Xã Sen Phương',	1,	'2024-01-28 01:19:38',	'2024-01-28 01:19:38'),
(325,	20,	'Xã Võng Xuyên',	1,	'2024-01-28 01:19:38',	'2024-01-28 01:19:38'),
(326,	20,	'Xã Thọ Lộc',	1,	'2024-01-28 01:19:38',	'2024-01-28 01:19:38'),
(327,	20,	'Xã Long Xuyên',	1,	'2024-01-28 01:19:38',	'2024-01-28 01:19:38'),
(328,	20,	'Xã Thượng Cốc',	1,	'2024-01-28 01:19:38',	'2024-01-28 01:19:38'),
(329,	20,	'Xã Hát Môn',	1,	'2024-01-28 01:19:38',	'2024-01-28 01:19:38'),
(330,	20,	'Xã Tích Giang',	1,	'2024-01-28 01:19:38',	'2024-01-28 01:19:38'),
(331,	20,	'Xã Thanh Đa',	1,	'2024-01-28 01:19:38',	'2024-01-28 01:19:38'),
(332,	20,	'Xã Trạch Mỹ Lộc',	1,	'2024-01-28 01:19:38',	'2024-01-28 01:19:38'),
(333,	20,	'Xã Phúc Hòa',	1,	'2024-01-28 01:19:38',	'2024-01-28 01:19:38'),
(334,	20,	'Xã Ngọc Tảo',	1,	'2024-01-28 01:19:38',	'2024-01-28 01:19:38'),
(335,	20,	'Xã Phụng Thượng',	1,	'2024-01-28 01:19:38',	'2024-01-28 01:19:38'),
(336,	20,	'Xã Tam Thuấn',	1,	'2024-01-28 01:19:38',	'2024-01-28 01:19:38'),
(337,	20,	'Xã Tam Hiệp',	1,	'2024-01-28 01:19:38',	'2024-01-28 01:19:38'),
(338,	20,	'Xã Hiệp Thuận',	1,	'2024-01-28 01:19:38',	'2024-01-28 01:19:38'),
(339,	20,	'Xã Liên Hiệp',	1,	'2024-01-28 01:19:38',	'2024-01-28 01:19:38'),
(340,	21,	'Thị trấn Phùng',	1,	'2024-01-28 01:19:39',	'2024-01-28 01:19:39'),
(341,	21,	'Xã Trung Châu',	1,	'2024-01-28 01:19:39',	'2024-01-28 01:19:39'),
(342,	21,	'Xã Thọ An',	1,	'2024-01-28 01:19:39',	'2024-01-28 01:19:39'),
(343,	21,	'Xã Thọ Xuân',	1,	'2024-01-28 01:19:39',	'2024-01-28 01:19:39'),
(344,	21,	'Xã Hồng Hà',	1,	'2024-01-28 01:19:39',	'2024-01-28 01:19:39'),
(345,	21,	'Xã Liên Hồng',	1,	'2024-01-28 01:19:39',	'2024-01-28 01:19:39'),
(346,	21,	'Xã Liên Hà',	1,	'2024-01-28 01:19:39',	'2024-01-28 01:19:39'),
(347,	21,	'Xã Hạ Mỗ',	1,	'2024-01-28 01:19:39',	'2024-01-28 01:19:39'),
(348,	21,	'Xã Liên Trung',	1,	'2024-01-28 01:19:39',	'2024-01-28 01:19:39'),
(349,	21,	'Xã Phương Đình',	1,	'2024-01-28 01:19:39',	'2024-01-28 01:19:39'),
(350,	21,	'Xã Thượng Mỗ',	1,	'2024-01-28 01:19:39',	'2024-01-28 01:19:39'),
(351,	21,	'Xã Tân Hội',	1,	'2024-01-28 01:19:39',	'2024-01-28 01:19:39'),
(352,	21,	'Xã Tân Lập',	1,	'2024-01-28 01:19:39',	'2024-01-28 01:19:39'),
(353,	21,	'Xã Đan Phượng',	1,	'2024-01-28 01:19:39',	'2024-01-28 01:19:39'),
(354,	21,	'Xã Đồng Tháp',	1,	'2024-01-28 01:19:39',	'2024-01-28 01:19:39'),
(355,	21,	'Xã Song Phượng',	1,	'2024-01-28 01:19:39',	'2024-01-28 01:19:39'),
(356,	22,	'Thị trấn Trạm Trôi',	1,	'2024-01-28 01:19:39',	'2024-01-28 01:19:39'),
(357,	22,	'Xã Đức Thượng',	1,	'2024-01-28 01:19:39',	'2024-01-28 01:19:39'),
(358,	22,	'Xã Minh Khai',	1,	'2024-01-28 01:19:39',	'2024-01-28 01:19:39'),
(359,	22,	'Xã Dương Liễu',	1,	'2024-01-28 01:19:39',	'2024-01-28 01:19:39'),
(360,	22,	'Xã Di Trạch',	1,	'2024-01-28 01:19:39',	'2024-01-28 01:19:39'),
(361,	22,	'Xã Đức Giang',	1,	'2024-01-28 01:19:39',	'2024-01-28 01:19:39'),
(362,	22,	'Xã Cát Quế',	1,	'2024-01-28 01:19:39',	'2024-01-28 01:19:39'),
(363,	22,	'Xã Kim Chung',	1,	'2024-01-28 01:19:39',	'2024-01-28 01:19:39'),
(364,	22,	'Xã Yên Sở',	1,	'2024-01-28 01:19:39',	'2024-01-28 01:19:39'),
(365,	22,	'Xã Sơn Đồng',	1,	'2024-01-28 01:19:39',	'2024-01-28 01:19:39'),
(366,	22,	'Xã Vân Canh',	1,	'2024-01-28 01:19:39',	'2024-01-28 01:19:39'),
(367,	22,	'Xã Đắc Sở',	1,	'2024-01-28 01:19:39',	'2024-01-28 01:19:39'),
(368,	22,	'Xã Lại Yên',	1,	'2024-01-28 01:19:39',	'2024-01-28 01:19:39'),
(369,	22,	'Xã Tiền Yên',	1,	'2024-01-28 01:19:39',	'2024-01-28 01:19:39'),
(370,	22,	'Xã Song Phương',	1,	'2024-01-28 01:19:39',	'2024-01-28 01:19:39'),
(371,	22,	'Xã An Khánh',	1,	'2024-01-28 01:19:39',	'2024-01-28 01:19:39'),
(372,	22,	'Xã An Thượng',	1,	'2024-01-28 01:19:39',	'2024-01-28 01:19:39'),
(373,	22,	'Xã Vân Côn',	1,	'2024-01-28 01:19:39',	'2024-01-28 01:19:39'),
(374,	22,	'Xã La Phù',	1,	'2024-01-28 01:19:39',	'2024-01-28 01:19:39'),
(375,	22,	'Xã Đông La',	1,	'2024-01-28 01:19:39',	'2024-01-28 01:19:39'),
(376,	23,	'Xã Đông Xuân',	1,	'2024-01-28 01:19:40',	'2024-01-28 01:19:40'),
(377,	23,	'Thị trấn Quốc Oai',	1,	'2024-01-28 01:19:40',	'2024-01-28 01:19:40'),
(378,	23,	'Xã Sài Sơn',	1,	'2024-01-28 01:19:40',	'2024-01-28 01:19:40'),
(379,	23,	'Xã Phượng Cách',	1,	'2024-01-28 01:19:40',	'2024-01-28 01:19:40'),
(380,	23,	'Xã Yên Sơn',	1,	'2024-01-28 01:19:40',	'2024-01-28 01:19:40'),
(381,	23,	'Xã Ngọc Liệp',	1,	'2024-01-28 01:19:40',	'2024-01-28 01:19:40'),
(382,	23,	'Xã Ngọc Mỹ',	1,	'2024-01-28 01:19:40',	'2024-01-28 01:19:40'),
(383,	23,	'Xã Liệp Tuyết',	1,	'2024-01-28 01:19:40',	'2024-01-28 01:19:40'),
(384,	23,	'Xã Thạch Thán',	1,	'2024-01-28 01:19:40',	'2024-01-28 01:19:40'),
(385,	23,	'Xã Đồng Quang',	1,	'2024-01-28 01:19:40',	'2024-01-28 01:19:40'),
(386,	23,	'Xã Phú Cát',	1,	'2024-01-28 01:19:40',	'2024-01-28 01:19:40'),
(387,	23,	'Xã Tuyết Nghĩa',	1,	'2024-01-28 01:19:40',	'2024-01-28 01:19:40'),
(388,	23,	'Xã Nghĩa Hương',	1,	'2024-01-28 01:19:40',	'2024-01-28 01:19:40'),
(389,	23,	'Xã Cộng Hòa',	1,	'2024-01-28 01:19:40',	'2024-01-28 01:19:40'),
(390,	23,	'Xã Tân Phú',	1,	'2024-01-28 01:19:40',	'2024-01-28 01:19:40'),
(391,	23,	'Xã Đại Thành',	1,	'2024-01-28 01:19:40',	'2024-01-28 01:19:40'),
(392,	23,	'Xã Phú Mãn',	1,	'2024-01-28 01:19:40',	'2024-01-28 01:19:40'),
(393,	23,	'Xã Cấn Hữu',	1,	'2024-01-28 01:19:40',	'2024-01-28 01:19:40'),
(394,	23,	'Xã Tân Hòa',	1,	'2024-01-28 01:19:40',	'2024-01-28 01:19:40'),
(395,	23,	'Xã Hòa Thạch',	1,	'2024-01-28 01:19:40',	'2024-01-28 01:19:40'),
(396,	23,	'Xã Đông Yên',	1,	'2024-01-28 01:19:40',	'2024-01-28 01:19:40'),
(397,	24,	'Xã Yên Trung',	1,	'2024-01-28 01:19:40',	'2024-01-28 01:19:40'),
(398,	24,	'Xã Yên Bình',	1,	'2024-01-28 01:19:40',	'2024-01-28 01:19:40'),
(399,	24,	'Xã Tiến Xuân',	1,	'2024-01-28 01:19:40',	'2024-01-28 01:19:40'),
(400,	24,	'Thị trấn Liên Quan',	1,	'2024-01-28 01:19:40',	'2024-01-28 01:19:40'),
(401,	24,	'Xã Đại Đồng',	1,	'2024-01-28 01:19:40',	'2024-01-28 01:19:40'),
(402,	24,	'Xã Cẩm Yên',	1,	'2024-01-28 01:19:40',	'2024-01-28 01:19:40'),
(403,	24,	'Xã Lại Thượng',	1,	'2024-01-28 01:19:40',	'2024-01-28 01:19:40'),
(404,	24,	'Xã Phú Kim',	1,	'2024-01-28 01:19:40',	'2024-01-28 01:19:40'),
(405,	24,	'Xã Hương Ngải',	1,	'2024-01-28 01:19:40',	'2024-01-28 01:19:40'),
(406,	24,	'Xã Canh Nậu',	1,	'2024-01-28 01:19:40',	'2024-01-28 01:19:40'),
(407,	24,	'Xã Kim Quan',	1,	'2024-01-28 01:19:40',	'2024-01-28 01:19:40'),
(408,	24,	'Xã Dị Nậu',	1,	'2024-01-28 01:19:40',	'2024-01-28 01:19:40'),
(409,	24,	'Xã Bình Yên',	1,	'2024-01-28 01:19:40',	'2024-01-28 01:19:40'),
(410,	24,	'Xã Chàng Sơn',	1,	'2024-01-28 01:19:40',	'2024-01-28 01:19:40'),
(411,	24,	'Xã Thạch Hoà',	1,	'2024-01-28 01:19:40',	'2024-01-28 01:19:40'),
(412,	24,	'Xã Cần Kiệm',	1,	'2024-01-28 01:19:40',	'2024-01-28 01:19:40'),
(413,	24,	'Xã Hữu Bằng',	1,	'2024-01-28 01:19:40',	'2024-01-28 01:19:40'),
(414,	24,	'Xã Phùng Xá',	1,	'2024-01-28 01:19:40',	'2024-01-28 01:19:40'),
(415,	24,	'Xã Tân Xã',	1,	'2024-01-28 01:19:40',	'2024-01-28 01:19:40'),
(416,	24,	'Xã Thạch Xá',	1,	'2024-01-28 01:19:40',	'2024-01-28 01:19:40'),
(417,	24,	'Xã Bình Phú',	1,	'2024-01-28 01:19:40',	'2024-01-28 01:19:40'),
(418,	24,	'Xã Hạ Bằng',	1,	'2024-01-28 01:19:40',	'2024-01-28 01:19:40'),
(419,	24,	'Xã Đồng Trúc',	1,	'2024-01-28 01:19:40',	'2024-01-28 01:19:40'),
(420,	25,	'Thị trấn Chúc Sơn',	1,	'2024-01-28 01:19:41',	'2024-01-28 01:19:41'),
(421,	25,	'Thị trấn Xuân Mai',	1,	'2024-01-28 01:19:41',	'2024-01-28 01:19:41'),
(422,	25,	'Xã Phụng Châu',	1,	'2024-01-28 01:19:41',	'2024-01-28 01:19:41'),
(423,	25,	'Xã Tiên Phương',	1,	'2024-01-28 01:19:41',	'2024-01-28 01:19:41'),
(424,	25,	'Xã Đông Sơn',	1,	'2024-01-28 01:19:41',	'2024-01-28 01:19:41'),
(425,	25,	'Xã Đông Phương Yên',	1,	'2024-01-28 01:19:41',	'2024-01-28 01:19:41'),
(426,	25,	'Xã Phú Nghĩa',	1,	'2024-01-28 01:19:41',	'2024-01-28 01:19:41'),
(427,	25,	'Xã Trường Yên',	1,	'2024-01-28 01:19:41',	'2024-01-28 01:19:41'),
(428,	25,	'Xã Ngọc Hòa',	1,	'2024-01-28 01:19:41',	'2024-01-28 01:19:41'),
(429,	25,	'Xã Thủy Xuân Tiên',	1,	'2024-01-28 01:19:41',	'2024-01-28 01:19:41'),
(430,	25,	'Xã Thanh Bình',	1,	'2024-01-28 01:19:41',	'2024-01-28 01:19:41'),
(431,	25,	'Xã Trung Hòa',	1,	'2024-01-28 01:19:41',	'2024-01-28 01:19:41'),
(432,	25,	'Xã Đại Yên',	1,	'2024-01-28 01:19:41',	'2024-01-28 01:19:41'),
(433,	25,	'Xã Thụy Hương',	1,	'2024-01-28 01:19:41',	'2024-01-28 01:19:41'),
(434,	25,	'Xã Tốt Động',	1,	'2024-01-28 01:19:41',	'2024-01-28 01:19:41'),
(435,	25,	'Xã Lam Điền',	1,	'2024-01-28 01:19:41',	'2024-01-28 01:19:41'),
(436,	25,	'Xã Tân Tiến',	1,	'2024-01-28 01:19:41',	'2024-01-28 01:19:41'),
(437,	25,	'Xã Nam Phương Tiến',	1,	'2024-01-28 01:19:41',	'2024-01-28 01:19:41'),
(438,	25,	'Xã Hợp Đồng',	1,	'2024-01-28 01:19:41',	'2024-01-28 01:19:41'),
(439,	25,	'Xã Hoàng Văn Thụ',	1,	'2024-01-28 01:19:41',	'2024-01-28 01:19:41'),
(440,	25,	'Xã Hoàng Diệu',	1,	'2024-01-28 01:19:41',	'2024-01-28 01:19:41'),
(441,	25,	'Xã Hữu Văn',	1,	'2024-01-28 01:19:41',	'2024-01-28 01:19:41'),
(442,	25,	'Xã Quảng Bị',	1,	'2024-01-28 01:19:41',	'2024-01-28 01:19:41'),
(443,	25,	'Xã Mỹ Lương',	1,	'2024-01-28 01:19:41',	'2024-01-28 01:19:41'),
(444,	25,	'Xã Thượng Vực',	1,	'2024-01-28 01:19:41',	'2024-01-28 01:19:41'),
(445,	25,	'Xã Hồng Phong',	1,	'2024-01-28 01:19:41',	'2024-01-28 01:19:41'),
(446,	25,	'Xã Đồng Phú',	1,	'2024-01-28 01:19:41',	'2024-01-28 01:19:41'),
(447,	25,	'Xã Trần Phú',	1,	'2024-01-28 01:19:41',	'2024-01-28 01:19:41'),
(448,	25,	'Xã Văn Võ',	1,	'2024-01-28 01:19:41',	'2024-01-28 01:19:41'),
(449,	25,	'Xã Đồng Lạc',	1,	'2024-01-28 01:19:41',	'2024-01-28 01:19:41'),
(450,	25,	'Xã Hòa Chính',	1,	'2024-01-28 01:19:41',	'2024-01-28 01:19:41'),
(451,	25,	'Xã Phú Nam An',	1,	'2024-01-28 01:19:41',	'2024-01-28 01:19:41'),
(452,	26,	'Thị trấn Kim Bài',	1,	'2024-01-28 01:19:41',	'2024-01-28 01:19:41'),
(453,	26,	'Xã Cự Khê',	1,	'2024-01-28 01:19:41',	'2024-01-28 01:19:41'),
(454,	26,	'Xã Bích Hòa',	1,	'2024-01-28 01:19:41',	'2024-01-28 01:19:41'),
(455,	26,	'Xã Mỹ Hưng',	1,	'2024-01-28 01:19:41',	'2024-01-28 01:19:41'),
(456,	26,	'Xã Cao Viên',	1,	'2024-01-28 01:19:41',	'2024-01-28 01:19:41'),
(457,	26,	'Xã Bình Minh',	1,	'2024-01-28 01:19:41',	'2024-01-28 01:19:41'),
(458,	26,	'Xã Tam Hưng',	1,	'2024-01-28 01:19:41',	'2024-01-28 01:19:41'),
(459,	26,	'Xã Thanh Cao',	1,	'2024-01-28 01:19:41',	'2024-01-28 01:19:41'),
(460,	26,	'Xã Thanh Thùy',	1,	'2024-01-28 01:19:41',	'2024-01-28 01:19:41'),
(461,	26,	'Xã Thanh Mai',	1,	'2024-01-28 01:19:41',	'2024-01-28 01:19:41'),
(462,	26,	'Xã Thanh Văn',	1,	'2024-01-28 01:19:41',	'2024-01-28 01:19:41'),
(463,	26,	'Xã Đỗ Động',	1,	'2024-01-28 01:19:41',	'2024-01-28 01:19:41'),
(464,	26,	'Xã Kim An',	1,	'2024-01-28 01:19:41',	'2024-01-28 01:19:41'),
(465,	26,	'Xã Kim Thư',	1,	'2024-01-28 01:19:41',	'2024-01-28 01:19:41'),
(466,	26,	'Xã Phương Trung',	1,	'2024-01-28 01:19:41',	'2024-01-28 01:19:41'),
(467,	26,	'Xã Tân Ước',	1,	'2024-01-28 01:19:41',	'2024-01-28 01:19:41'),
(468,	26,	'Xã Dân Hòa',	1,	'2024-01-28 01:19:41',	'2024-01-28 01:19:41'),
(469,	26,	'Xã Liên Châu',	1,	'2024-01-28 01:19:41',	'2024-01-28 01:19:41'),
(470,	26,	'Xã Cao Dương',	1,	'2024-01-28 01:19:41',	'2024-01-28 01:19:41'),
(471,	26,	'Xã Xuân Dương',	1,	'2024-01-28 01:19:41',	'2024-01-28 01:19:41'),
(472,	26,	'Xã Hồng Dương',	1,	'2024-01-28 01:19:41',	'2024-01-28 01:19:41'),
(473,	27,	'Thị trấn Thường Tín',	1,	'2024-01-28 01:19:42',	'2024-01-28 01:19:42'),
(474,	27,	'Xã Ninh Sở',	1,	'2024-01-28 01:19:42',	'2024-01-28 01:19:42'),
(475,	27,	'Xã Nhị Khê',	1,	'2024-01-28 01:19:42',	'2024-01-28 01:19:42'),
(476,	27,	'Xã Duyên Thái',	1,	'2024-01-28 01:19:42',	'2024-01-28 01:19:42'),
(477,	27,	'Xã Khánh Hà',	1,	'2024-01-28 01:19:42',	'2024-01-28 01:19:42'),
(478,	27,	'Xã Hòa Bình',	1,	'2024-01-28 01:19:42',	'2024-01-28 01:19:42'),
(479,	27,	'Xã Văn Bình',	1,	'2024-01-28 01:19:42',	'2024-01-28 01:19:42'),
(480,	27,	'Xã Hiền Giang',	1,	'2024-01-28 01:19:42',	'2024-01-28 01:19:42'),
(481,	27,	'Xã Hồng Vân',	1,	'2024-01-28 01:19:42',	'2024-01-28 01:19:42'),
(482,	27,	'Xã Vân Tảo',	1,	'2024-01-28 01:19:42',	'2024-01-28 01:19:42'),
(483,	27,	'Xã Liên Phương',	1,	'2024-01-28 01:19:42',	'2024-01-28 01:19:42'),
(484,	27,	'Xã Văn Phú',	1,	'2024-01-28 01:19:42',	'2024-01-28 01:19:42'),
(485,	27,	'Xã Tự Nhiên',	1,	'2024-01-28 01:19:42',	'2024-01-28 01:19:42'),
(486,	27,	'Xã Tiền Phong',	1,	'2024-01-28 01:19:42',	'2024-01-28 01:19:42'),
(487,	27,	'Xã Hà Hồi',	1,	'2024-01-28 01:19:42',	'2024-01-28 01:19:42'),
(488,	27,	'Xã Thư Phú',	1,	'2024-01-28 01:19:42',	'2024-01-28 01:19:42'),
(489,	27,	'Xã Nguyễn Trãi',	1,	'2024-01-28 01:19:42',	'2024-01-28 01:19:42'),
(490,	27,	'Xã Quất Động',	1,	'2024-01-28 01:19:42',	'2024-01-28 01:19:42'),
(491,	27,	'Xã Chương Dương',	1,	'2024-01-28 01:19:42',	'2024-01-28 01:19:42'),
(492,	27,	'Xã Tân Minh',	1,	'2024-01-28 01:19:42',	'2024-01-28 01:19:42'),
(493,	27,	'Xã Lê Lợi',	1,	'2024-01-28 01:19:42',	'2024-01-28 01:19:42'),
(494,	27,	'Xã Thắng Lợi',	1,	'2024-01-28 01:19:42',	'2024-01-28 01:19:42'),
(495,	27,	'Xã Dũng Tiến',	1,	'2024-01-28 01:19:42',	'2024-01-28 01:19:42'),
(496,	27,	'Xã Thống Nhất',	1,	'2024-01-28 01:19:42',	'2024-01-28 01:19:42'),
(497,	27,	'Xã Nghiêm Xuyên',	1,	'2024-01-28 01:19:42',	'2024-01-28 01:19:42'),
(498,	27,	'Xã Tô Hiệu',	1,	'2024-01-28 01:19:42',	'2024-01-28 01:19:42'),
(499,	27,	'Xã Văn Tự',	1,	'2024-01-28 01:19:42',	'2024-01-28 01:19:42'),
(500,	27,	'Xã Vạn Điểm',	1,	'2024-01-28 01:19:42',	'2024-01-28 01:19:42'),
(501,	27,	'Xã Minh Cường',	1,	'2024-01-28 01:19:42',	'2024-01-28 01:19:42'),
(502,	28,	'Thị trấn Phú Minh',	1,	'2024-01-28 01:19:42',	'2024-01-28 01:19:42'),
(503,	28,	'Thị trấn Phú Xuyên',	1,	'2024-01-28 01:19:42',	'2024-01-28 01:19:42'),
(504,	28,	'Xã Hồng Minh',	1,	'2024-01-28 01:19:42',	'2024-01-28 01:19:42'),
(505,	28,	'Xã Phượng Dực',	1,	'2024-01-28 01:19:42',	'2024-01-28 01:19:42'),
(506,	28,	'Xã Nam Tiến',	1,	'2024-01-28 01:19:42',	'2024-01-28 01:19:42'),
(507,	28,	'Xã Tri Trung',	1,	'2024-01-28 01:19:42',	'2024-01-28 01:19:42'),
(508,	28,	'Xã Đại Thắng',	1,	'2024-01-28 01:19:42',	'2024-01-28 01:19:42'),
(509,	28,	'Xã Phú Túc',	1,	'2024-01-28 01:19:42',	'2024-01-28 01:19:42'),
(510,	28,	'Xã Văn Hoàng',	1,	'2024-01-28 01:19:42',	'2024-01-28 01:19:42'),
(511,	28,	'Xã Hồng Thái',	1,	'2024-01-28 01:19:42',	'2024-01-28 01:19:42'),
(512,	28,	'Xã Hoàng Long',	1,	'2024-01-28 01:19:42',	'2024-01-28 01:19:42'),
(513,	28,	'Xã Quang Trung',	1,	'2024-01-28 01:19:42',	'2024-01-28 01:19:42'),
(514,	28,	'Xã Nam Phong',	1,	'2024-01-28 01:19:42',	'2024-01-28 01:19:42'),
(515,	28,	'Xã Nam Triều',	1,	'2024-01-28 01:19:42',	'2024-01-28 01:19:42'),
(516,	28,	'Xã Tân Dân',	1,	'2024-01-28 01:19:42',	'2024-01-28 01:19:42'),
(517,	28,	'Xã Sơn Hà',	1,	'2024-01-28 01:19:42',	'2024-01-28 01:19:42'),
(518,	28,	'Xã Chuyên Mỹ',	1,	'2024-01-28 01:19:42',	'2024-01-28 01:19:42'),
(519,	28,	'Xã Khai Thái',	1,	'2024-01-28 01:19:42',	'2024-01-28 01:19:42'),
(520,	28,	'Xã Phúc Tiến',	1,	'2024-01-28 01:19:42',	'2024-01-28 01:19:42'),
(521,	28,	'Xã Vân Từ',	1,	'2024-01-28 01:19:42',	'2024-01-28 01:19:42'),
(522,	28,	'Xã Tri Thủy',	1,	'2024-01-28 01:19:42',	'2024-01-28 01:19:42'),
(523,	28,	'Xã Đại Xuyên',	1,	'2024-01-28 01:19:42',	'2024-01-28 01:19:42'),
(524,	28,	'Xã Phú Yên',	1,	'2024-01-28 01:19:42',	'2024-01-28 01:19:42'),
(525,	28,	'Xã Bạch Hạ',	1,	'2024-01-28 01:19:42',	'2024-01-28 01:19:42'),
(526,	28,	'Xã Quang Lãng',	1,	'2024-01-28 01:19:42',	'2024-01-28 01:19:42'),
(527,	28,	'Xã Châu Can',	1,	'2024-01-28 01:19:42',	'2024-01-28 01:19:42'),
(528,	28,	'Xã Minh Tân',	1,	'2024-01-28 01:19:42',	'2024-01-28 01:19:42'),
(529,	29,	'Thị trấn Vân Đình',	1,	'2024-01-28 01:19:43',	'2024-01-28 01:19:43'),
(530,	29,	'Xã Viên An',	1,	'2024-01-28 01:19:43',	'2024-01-28 01:19:43'),
(531,	29,	'Xã Viên Nội',	1,	'2024-01-28 01:19:43',	'2024-01-28 01:19:43'),
(532,	29,	'Xã Hoa Sơn',	1,	'2024-01-28 01:19:43',	'2024-01-28 01:19:43'),
(533,	29,	'Xã Quảng Phú Cầu',	1,	'2024-01-28 01:19:43',	'2024-01-28 01:19:43'),
(534,	29,	'Xã Trường Thịnh',	1,	'2024-01-28 01:19:43',	'2024-01-28 01:19:43'),
(535,	29,	'Xã Cao Thành',	1,	'2024-01-28 01:19:43',	'2024-01-28 01:19:43'),
(536,	29,	'Xã Liên Bạt',	1,	'2024-01-28 01:19:43',	'2024-01-28 01:19:43'),
(537,	29,	'Xã Sơn Công',	1,	'2024-01-28 01:19:43',	'2024-01-28 01:19:43'),
(538,	29,	'Xã Đồng Tiến',	1,	'2024-01-28 01:19:43',	'2024-01-28 01:19:43'),
(539,	29,	'Xã Phương Tú',	1,	'2024-01-28 01:19:43',	'2024-01-28 01:19:43'),
(540,	29,	'Xã Trung Tú',	1,	'2024-01-28 01:19:43',	'2024-01-28 01:19:43'),
(541,	29,	'Xã Đồng Tân',	1,	'2024-01-28 01:19:43',	'2024-01-28 01:19:43'),
(542,	29,	'Xã Tảo Dương Văn',	1,	'2024-01-28 01:19:43',	'2024-01-28 01:19:43'),
(543,	29,	'Xã Vạn Thái',	1,	'2024-01-28 01:19:43',	'2024-01-28 01:19:43'),
(544,	29,	'Xã Minh Đức',	1,	'2024-01-28 01:19:43',	'2024-01-28 01:19:43'),
(545,	29,	'Xã Hòa Lâm',	1,	'2024-01-28 01:19:43',	'2024-01-28 01:19:43'),
(546,	29,	'Xã Hòa Xá',	1,	'2024-01-28 01:19:43',	'2024-01-28 01:19:43'),
(547,	29,	'Xã Trầm Lộng',	1,	'2024-01-28 01:19:43',	'2024-01-28 01:19:43'),
(548,	29,	'Xã Kim Đường',	1,	'2024-01-28 01:19:43',	'2024-01-28 01:19:43'),
(549,	29,	'Xã Hòa Nam',	1,	'2024-01-28 01:19:43',	'2024-01-28 01:19:43'),
(550,	29,	'Xã Hòa Phú',	1,	'2024-01-28 01:19:43',	'2024-01-28 01:19:43'),
(551,	29,	'Xã Đội Bình',	1,	'2024-01-28 01:19:43',	'2024-01-28 01:19:43'),
(552,	29,	'Xã Đại Hùng',	1,	'2024-01-28 01:19:43',	'2024-01-28 01:19:43'),
(553,	29,	'Xã Đông Lỗ',	1,	'2024-01-28 01:19:43',	'2024-01-28 01:19:43'),
(554,	29,	'Xã Phù Lưu',	1,	'2024-01-28 01:19:43',	'2024-01-28 01:19:43'),
(555,	29,	'Xã Đại Cường',	1,	'2024-01-28 01:19:43',	'2024-01-28 01:19:43'),
(556,	29,	'Xã Lưu Hoàng',	1,	'2024-01-28 01:19:43',	'2024-01-28 01:19:43'),
(557,	29,	'Xã Hồng Quang',	1,	'2024-01-28 01:19:43',	'2024-01-28 01:19:43'),
(558,	30,	'Thị trấn Đại Nghĩa',	1,	'2024-01-28 01:19:43',	'2024-01-28 01:19:43'),
(559,	30,	'Xã Đồng Tâm',	1,	'2024-01-28 01:19:43',	'2024-01-28 01:19:43'),
(560,	30,	'Xã Thượng Lâm',	1,	'2024-01-28 01:19:43',	'2024-01-28 01:19:43'),
(561,	30,	'Xã Tuy Lai',	1,	'2024-01-28 01:19:43',	'2024-01-28 01:19:43'),
(562,	30,	'Xã Phúc Lâm',	1,	'2024-01-28 01:19:43',	'2024-01-28 01:19:43'),
(563,	30,	'Xã Mỹ Thành',	1,	'2024-01-28 01:19:43',	'2024-01-28 01:19:43'),
(564,	30,	'Xã Bột Xuyên',	1,	'2024-01-28 01:19:43',	'2024-01-28 01:19:43'),
(565,	30,	'Xã An Mỹ',	1,	'2024-01-28 01:19:43',	'2024-01-28 01:19:43'),
(566,	30,	'Xã Hồng Sơn',	1,	'2024-01-28 01:19:43',	'2024-01-28 01:19:43'),
(567,	30,	'Xã Lê Thanh',	1,	'2024-01-28 01:19:43',	'2024-01-28 01:19:43'),
(568,	30,	'Xã Xuy Xá',	1,	'2024-01-28 01:19:43',	'2024-01-28 01:19:43'),
(569,	30,	'Xã Phùng Xá',	1,	'2024-01-28 01:19:43',	'2024-01-28 01:19:43'),
(570,	30,	'Xã Phù Lưu Tế',	1,	'2024-01-28 01:19:43',	'2024-01-28 01:19:43'),
(571,	30,	'Xã Đại Hưng',	1,	'2024-01-28 01:19:43',	'2024-01-28 01:19:43'),
(572,	30,	'Xã Vạn Kim',	1,	'2024-01-28 01:19:43',	'2024-01-28 01:19:43'),
(573,	30,	'Xã Đốc Tín',	1,	'2024-01-28 01:19:43',	'2024-01-28 01:19:43'),
(574,	30,	'Xã Hương Sơn',	1,	'2024-01-28 01:19:43',	'2024-01-28 01:19:43'),
(575,	30,	'Xã Hùng Tiến',	1,	'2024-01-28 01:19:43',	'2024-01-28 01:19:43'),
(576,	30,	'Xã An Tiến',	1,	'2024-01-28 01:19:43',	'2024-01-28 01:19:43'),
(577,	30,	'Xã Hợp Tiến',	1,	'2024-01-28 01:19:43',	'2024-01-28 01:19:43'),
(578,	30,	'Xã Hợp Thanh',	1,	'2024-01-28 01:19:43',	'2024-01-28 01:19:43'),
(579,	30,	'Xã An Phú',	1,	'2024-01-28 01:19:43',	'2024-01-28 01:19:43'),
(580,	31,	'Phường Tân Định',	1,	'2024-01-28 01:19:43',	'2024-01-28 01:19:43'),
(581,	31,	'Phường Đa Kao',	1,	'2024-01-28 01:19:43',	'2024-01-28 01:19:43'),
(582,	31,	'Phường Bến Nghé',	1,	'2024-01-28 01:19:43',	'2024-01-28 01:19:43'),
(583,	31,	'Phường Bến Thành',	1,	'2024-01-28 01:19:44',	'2024-01-28 01:19:44'),
(584,	31,	'Phường Nguyễn Thái Bình',	1,	'2024-01-28 01:19:44',	'2024-01-28 01:19:44'),
(585,	31,	'Phường Phạm Ngũ Lão',	1,	'2024-01-28 01:19:44',	'2024-01-28 01:19:44'),
(586,	31,	'Phường Cầu Ông Lãnh',	1,	'2024-01-28 01:19:44',	'2024-01-28 01:19:44'),
(587,	31,	'Phường Cô Giang',	1,	'2024-01-28 01:19:44',	'2024-01-28 01:19:44'),
(588,	31,	'Phường Nguyễn Cư Trinh',	1,	'2024-01-28 01:19:44',	'2024-01-28 01:19:44'),
(589,	31,	'Phường Cầu Kho',	1,	'2024-01-28 01:19:44',	'2024-01-28 01:19:44'),
(590,	32,	'Phường Thạnh Xuân',	1,	'2024-01-28 01:19:44',	'2024-01-28 01:19:44'),
(591,	32,	'Phường Thạnh Lộc',	1,	'2024-01-28 01:19:44',	'2024-01-28 01:19:44'),
(592,	32,	'Phường Hiệp Thành',	1,	'2024-01-28 01:19:44',	'2024-01-28 01:19:44'),
(593,	32,	'Phường Thới An',	1,	'2024-01-28 01:19:44',	'2024-01-28 01:19:44'),
(594,	32,	'Phường Tân Chánh Hiệp',	1,	'2024-01-28 01:19:44',	'2024-01-28 01:19:44'),
(595,	32,	'Phường An Phú Đông',	1,	'2024-01-28 01:19:44',	'2024-01-28 01:19:44'),
(596,	32,	'Phường Tân Thới Hiệp',	1,	'2024-01-28 01:19:44',	'2024-01-28 01:19:44'),
(597,	32,	'Phường Trung Mỹ Tây',	1,	'2024-01-28 01:19:44',	'2024-01-28 01:19:44'),
(598,	32,	'Phường Tân Hưng Thuận',	1,	'2024-01-28 01:19:44',	'2024-01-28 01:19:44'),
(599,	32,	'Phường Đông Hưng Thuận',	1,	'2024-01-28 01:19:44',	'2024-01-28 01:19:44'),
(600,	32,	'Phường Tân Thới Nhất',	1,	'2024-01-28 01:19:44',	'2024-01-28 01:19:44'),
(601,	33,	'Phường 15',	1,	'2024-01-28 01:19:45',	'2024-01-28 01:19:45'),
(602,	33,	'Phường 13',	1,	'2024-01-28 01:19:45',	'2024-01-28 01:19:45'),
(603,	33,	'Phường 17',	1,	'2024-01-28 01:19:45',	'2024-01-28 01:19:45'),
(604,	33,	'Phường 6',	1,	'2024-01-28 01:19:45',	'2024-01-28 01:19:45'),
(605,	33,	'Phường 16',	1,	'2024-01-28 01:19:45',	'2024-01-28 01:19:45'),
(606,	33,	'Phường 12',	1,	'2024-01-28 01:19:45',	'2024-01-28 01:19:45'),
(607,	33,	'Phường 14',	1,	'2024-01-28 01:19:45',	'2024-01-28 01:19:45'),
(608,	33,	'Phường 10',	1,	'2024-01-28 01:19:45',	'2024-01-28 01:19:45'),
(609,	33,	'Phường 05',	1,	'2024-01-28 01:19:45',	'2024-01-28 01:19:45'),
(610,	33,	'Phường 07',	1,	'2024-01-28 01:19:45',	'2024-01-28 01:19:45'),
(611,	33,	'Phường 04',	1,	'2024-01-28 01:19:45',	'2024-01-28 01:19:45'),
(612,	33,	'Phường 01',	1,	'2024-01-28 01:19:45',	'2024-01-28 01:19:45'),
(613,	33,	'Phường 9',	1,	'2024-01-28 01:19:45',	'2024-01-28 01:19:45'),
(614,	33,	'Phường 8',	1,	'2024-01-28 01:19:45',	'2024-01-28 01:19:45'),
(615,	33,	'Phường 11',	1,	'2024-01-28 01:19:45',	'2024-01-28 01:19:45'),
(616,	33,	'Phường 03',	1,	'2024-01-28 01:19:45',	'2024-01-28 01:19:45'),
(617,	34,	'Phường 13',	1,	'2024-01-28 01:19:45',	'2024-01-28 01:19:45'),
(618,	34,	'Phường 11',	1,	'2024-01-28 01:19:45',	'2024-01-28 01:19:45'),
(619,	34,	'Phường 27',	1,	'2024-01-28 01:19:45',	'2024-01-28 01:19:45'),
(620,	34,	'Phường 26',	1,	'2024-01-28 01:19:45',	'2024-01-28 01:19:45'),
(621,	34,	'Phường 12',	1,	'2024-01-28 01:19:45',	'2024-01-28 01:19:45'),
(622,	34,	'Phường 25',	1,	'2024-01-28 01:19:45',	'2024-01-28 01:19:45'),
(623,	34,	'Phường 05',	1,	'2024-01-28 01:19:45',	'2024-01-28 01:19:45'),
(624,	34,	'Phường 07',	1,	'2024-01-28 01:19:45',	'2024-01-28 01:19:45'),
(625,	34,	'Phường 24',	1,	'2024-01-28 01:19:45',	'2024-01-28 01:19:45'),
(626,	34,	'Phường 06',	1,	'2024-01-28 01:19:45',	'2024-01-28 01:19:45'),
(627,	34,	'Phường 14',	1,	'2024-01-28 01:19:45',	'2024-01-28 01:19:45'),
(628,	34,	'Phường 15',	1,	'2024-01-28 01:19:45',	'2024-01-28 01:19:45'),
(629,	34,	'Phường 02',	1,	'2024-01-28 01:19:45',	'2024-01-28 01:19:45'),
(630,	34,	'Phường 01',	1,	'2024-01-28 01:19:45',	'2024-01-28 01:19:45'),
(631,	34,	'Phường 03',	1,	'2024-01-28 01:19:45',	'2024-01-28 01:19:45'),
(632,	34,	'Phường 17',	1,	'2024-01-28 01:19:45',	'2024-01-28 01:19:45'),
(633,	34,	'Phường 21',	1,	'2024-01-28 01:19:45',	'2024-01-28 01:19:45'),
(634,	34,	'Phường 22',	1,	'2024-01-28 01:19:45',	'2024-01-28 01:19:45'),
(635,	34,	'Phường 19',	1,	'2024-01-28 01:19:45',	'2024-01-28 01:19:45'),
(636,	34,	'Phường 28',	1,	'2024-01-28 01:19:45',	'2024-01-28 01:19:45'),
(637,	35,	'Phường 02',	1,	'2024-01-28 01:19:45',	'2024-01-28 01:19:45'),
(638,	35,	'Phường 04',	1,	'2024-01-28 01:19:45',	'2024-01-28 01:19:45'),
(639,	35,	'Phường 12',	1,	'2024-01-28 01:19:45',	'2024-01-28 01:19:45'),
(640,	35,	'Phường 13',	1,	'2024-01-28 01:19:45',	'2024-01-28 01:19:45'),
(641,	35,	'Phường 01',	1,	'2024-01-28 01:19:45',	'2024-01-28 01:19:45'),
(642,	35,	'Phường 03',	1,	'2024-01-28 01:19:45',	'2024-01-28 01:19:45'),
(643,	35,	'Phường 11',	1,	'2024-01-28 01:19:45',	'2024-01-28 01:19:45'),
(644,	35,	'Phường 07',	1,	'2024-01-28 01:19:45',	'2024-01-28 01:19:45'),
(645,	35,	'Phường 05',	1,	'2024-01-28 01:19:45',	'2024-01-28 01:19:45'),
(646,	35,	'Phường 10',	1,	'2024-01-28 01:19:45',	'2024-01-28 01:19:45'),
(647,	35,	'Phường 06',	1,	'2024-01-28 01:19:45',	'2024-01-28 01:19:45'),
(648,	35,	'Phường 08',	1,	'2024-01-28 01:19:45',	'2024-01-28 01:19:45'),
(649,	35,	'Phường 09',	1,	'2024-01-28 01:19:45',	'2024-01-28 01:19:45'),
(650,	35,	'Phường 14',	1,	'2024-01-28 01:19:45',	'2024-01-28 01:19:45'),
(651,	35,	'Phường 15',	1,	'2024-01-28 01:19:45',	'2024-01-28 01:19:45'),
(652,	36,	'Phường Tân Sơn Nhì',	1,	'2024-01-28 01:19:46',	'2024-01-28 01:19:46'),
(653,	36,	'Phường Tây Thạnh',	1,	'2024-01-28 01:19:46',	'2024-01-28 01:19:46'),
(654,	36,	'Phường Sơn Kỳ',	1,	'2024-01-28 01:19:46',	'2024-01-28 01:19:46'),
(655,	36,	'Phường Tân Quý',	1,	'2024-01-28 01:19:46',	'2024-01-28 01:19:46'),
(656,	36,	'Phường Tân Thành',	1,	'2024-01-28 01:19:46',	'2024-01-28 01:19:46'),
(657,	36,	'Phường Phú Thọ Hòa',	1,	'2024-01-28 01:19:46',	'2024-01-28 01:19:46'),
(658,	36,	'Phường Phú Thạnh',	1,	'2024-01-28 01:19:46',	'2024-01-28 01:19:46'),
(659,	36,	'Phường Phú Trung',	1,	'2024-01-28 01:19:46',	'2024-01-28 01:19:46'),
(660,	36,	'Phường Hòa Thạnh',	1,	'2024-01-28 01:19:46',	'2024-01-28 01:19:46'),
(661,	36,	'Phường Hiệp Tân',	1,	'2024-01-28 01:19:46',	'2024-01-28 01:19:46'),
(662,	36,	'Phường Tân Thới Hòa',	1,	'2024-01-28 01:19:46',	'2024-01-28 01:19:46'),
(663,	37,	'Phường 04',	1,	'2024-01-28 01:19:46',	'2024-01-28 01:19:46'),
(664,	37,	'Phường 05',	1,	'2024-01-28 01:19:46',	'2024-01-28 01:19:46'),
(665,	37,	'Phường 09',	1,	'2024-01-28 01:19:46',	'2024-01-28 01:19:46'),
(666,	37,	'Phường 07',	1,	'2024-01-28 01:19:46',	'2024-01-28 01:19:46'),
(667,	37,	'Phường 03',	1,	'2024-01-28 01:19:46',	'2024-01-28 01:19:46'),
(668,	37,	'Phường 01',	1,	'2024-01-28 01:19:46',	'2024-01-28 01:19:46'),
(669,	37,	'Phường 02',	1,	'2024-01-28 01:19:46',	'2024-01-28 01:19:46'),
(670,	37,	'Phường 08',	1,	'2024-01-28 01:19:46',	'2024-01-28 01:19:46'),
(671,	37,	'Phường 15',	1,	'2024-01-28 01:19:46',	'2024-01-28 01:19:46'),
(672,	37,	'Phường 10',	1,	'2024-01-28 01:19:46',	'2024-01-28 01:19:46'),
(673,	37,	'Phường 11',	1,	'2024-01-28 01:19:46',	'2024-01-28 01:19:46'),
(674,	37,	'Phường 17',	1,	'2024-01-28 01:19:46',	'2024-01-28 01:19:46'),
(675,	37,	'Phường 13',	1,	'2024-01-28 01:19:46',	'2024-01-28 01:19:46'),
(676,	38,	'Phường Linh Xuân',	1,	'2024-01-28 01:19:46',	'2024-01-28 01:19:46'),
(677,	38,	'Phường Bình Chiểu',	1,	'2024-01-28 01:19:46',	'2024-01-28 01:19:46'),
(678,	38,	'Phường Linh Trung',	1,	'2024-01-28 01:19:46',	'2024-01-28 01:19:46'),
(679,	38,	'Phường Tam Bình',	1,	'2024-01-28 01:19:46',	'2024-01-28 01:19:46'),
(680,	38,	'Phường Tam Phú',	1,	'2024-01-28 01:19:46',	'2024-01-28 01:19:46'),
(681,	38,	'Phường Hiệp Bình Phước',	1,	'2024-01-28 01:19:46',	'2024-01-28 01:19:46'),
(682,	38,	'Phường Hiệp Bình Chánh',	1,	'2024-01-28 01:19:46',	'2024-01-28 01:19:46'),
(683,	38,	'Phường Linh Chiểu',	1,	'2024-01-28 01:19:46',	'2024-01-28 01:19:46'),
(684,	38,	'Phường Linh Tây',	1,	'2024-01-28 01:19:46',	'2024-01-28 01:19:46'),
(685,	38,	'Phường Linh Đông',	1,	'2024-01-28 01:19:46',	'2024-01-28 01:19:46'),
(686,	38,	'Phường Bình Thọ',	1,	'2024-01-28 01:19:46',	'2024-01-28 01:19:46'),
(687,	38,	'Phường Trường Thọ',	1,	'2024-01-28 01:19:46',	'2024-01-28 01:19:46'),
(688,	38,	'Phường Long Bình',	1,	'2024-01-28 01:19:46',	'2024-01-28 01:19:46'),
(689,	38,	'Phường Long Thạnh Mỹ',	1,	'2024-01-28 01:19:46',	'2024-01-28 01:19:46'),
(690,	38,	'Phường Tân Phú',	1,	'2024-01-28 01:19:46',	'2024-01-28 01:19:46'),
(691,	38,	'Phường Hiệp Phú',	1,	'2024-01-28 01:19:46',	'2024-01-28 01:19:46'),
(692,	38,	'Phường Tăng Nhơn Phú A',	1,	'2024-01-28 01:19:46',	'2024-01-28 01:19:46'),
(693,	38,	'Phường Tăng Nhơn Phú B',	1,	'2024-01-28 01:19:46',	'2024-01-28 01:19:46'),
(694,	38,	'Phường Phước Long B',	1,	'2024-01-28 01:19:46',	'2024-01-28 01:19:46'),
(695,	38,	'Phường Phước Long A',	1,	'2024-01-28 01:19:46',	'2024-01-28 01:19:46'),
(696,	38,	'Phường Trường Thạnh',	1,	'2024-01-28 01:19:46',	'2024-01-28 01:19:46'),
(697,	38,	'Phường Long Phước',	1,	'2024-01-28 01:19:46',	'2024-01-28 01:19:46'),
(698,	38,	'Phường Long Trường',	1,	'2024-01-28 01:19:46',	'2024-01-28 01:19:46'),
(699,	38,	'Phường Phước Bình',	1,	'2024-01-28 01:19:46',	'2024-01-28 01:19:46'),
(700,	38,	'Phường Phú Hữu',	1,	'2024-01-28 01:19:46',	'2024-01-28 01:19:46'),
(701,	38,	'Phường Thảo Điền',	1,	'2024-01-28 01:19:46',	'2024-01-28 01:19:46'),
(702,	38,	'Phường An Phú',	1,	'2024-01-28 01:19:46',	'2024-01-28 01:19:46'),
(703,	38,	'Phường An Khánh',	1,	'2024-01-28 01:19:46',	'2024-01-28 01:19:46'),
(704,	38,	'Phường Bình Trưng Đông',	1,	'2024-01-28 01:19:46',	'2024-01-28 01:19:46'),
(705,	38,	'Phường Bình Trưng Tây',	1,	'2024-01-28 01:19:46',	'2024-01-28 01:19:46'),
(706,	38,	'Phường Cát Lái',	1,	'2024-01-28 01:19:46',	'2024-01-28 01:19:46'),
(707,	38,	'Phường Thạnh Mỹ Lợi',	1,	'2024-01-28 01:19:46',	'2024-01-28 01:19:46'),
(708,	38,	'Phường An Lợi Đông',	1,	'2024-01-28 01:19:46',	'2024-01-28 01:19:46'),
(709,	38,	'Phường Thủ Thiêm',	1,	'2024-01-28 01:19:46',	'2024-01-28 01:19:46'),
(710,	39,	'Phường 14',	1,	'2024-01-28 01:19:47',	'2024-01-28 01:19:47'),
(711,	39,	'Phường 12',	1,	'2024-01-28 01:19:47',	'2024-01-28 01:19:47'),
(712,	39,	'Phường 11',	1,	'2024-01-28 01:19:47',	'2024-01-28 01:19:47'),
(713,	39,	'Phường 13',	1,	'2024-01-28 01:19:47',	'2024-01-28 01:19:47'),
(714,	39,	'Phường Võ Thị Sáu',	1,	'2024-01-28 01:19:47',	'2024-01-28 01:19:47'),
(715,	39,	'Phường 09',	1,	'2024-01-28 01:19:47',	'2024-01-28 01:19:47'),
(716,	39,	'Phường 10',	1,	'2024-01-28 01:19:47',	'2024-01-28 01:19:47'),
(717,	39,	'Phường 04',	1,	'2024-01-28 01:19:47',	'2024-01-28 01:19:47'),
(718,	39,	'Phường 05',	1,	'2024-01-28 01:19:47',	'2024-01-28 01:19:47'),
(719,	39,	'Phường 03',	1,	'2024-01-28 01:19:47',	'2024-01-28 01:19:47'),
(720,	39,	'Phường 02',	1,	'2024-01-28 01:19:47',	'2024-01-28 01:19:47'),
(721,	39,	'Phường 01',	1,	'2024-01-28 01:19:47',	'2024-01-28 01:19:47'),
(722,	40,	'Phường 15',	1,	'2024-01-28 01:19:47',	'2024-01-28 01:19:47'),
(723,	40,	'Phường 13',	1,	'2024-01-28 01:19:47',	'2024-01-28 01:19:47'),
(724,	40,	'Phường 14',	1,	'2024-01-28 01:19:47',	'2024-01-28 01:19:47'),
(725,	40,	'Phường 12',	1,	'2024-01-28 01:19:47',	'2024-01-28 01:19:47'),
(726,	40,	'Phường 11',	1,	'2024-01-28 01:19:47',	'2024-01-28 01:19:47'),
(727,	40,	'Phường 10',	1,	'2024-01-28 01:19:47',	'2024-01-28 01:19:47'),
(728,	40,	'Phường 09',	1,	'2024-01-28 01:19:47',	'2024-01-28 01:19:47'),
(729,	40,	'Phường 01',	1,	'2024-01-28 01:19:47',	'2024-01-28 01:19:47'),
(730,	40,	'Phường 08',	1,	'2024-01-28 01:19:47',	'2024-01-28 01:19:47'),
(731,	40,	'Phường 02',	1,	'2024-01-28 01:19:47',	'2024-01-28 01:19:47'),
(732,	40,	'Phường 04',	1,	'2024-01-28 01:19:47',	'2024-01-28 01:19:47'),
(733,	40,	'Phường 07',	1,	'2024-01-28 01:19:47',	'2024-01-28 01:19:47'),
(734,	40,	'Phường 05',	1,	'2024-01-28 01:19:47',	'2024-01-28 01:19:47'),
(735,	40,	'Phường 06',	1,	'2024-01-28 01:19:47',	'2024-01-28 01:19:47'),
(736,	41,	'Phường 15',	1,	'2024-01-28 01:19:47',	'2024-01-28 01:19:47'),
(737,	41,	'Phường 05',	1,	'2024-01-28 01:19:47',	'2024-01-28 01:19:47'),
(738,	41,	'Phường 14',	1,	'2024-01-28 01:19:47',	'2024-01-28 01:19:47'),
(739,	41,	'Phường 11',	1,	'2024-01-28 01:19:47',	'2024-01-28 01:19:47'),
(740,	41,	'Phường 03',	1,	'2024-01-28 01:19:47',	'2024-01-28 01:19:47'),
(741,	41,	'Phường 10',	1,	'2024-01-28 01:19:47',	'2024-01-28 01:19:47'),
(742,	41,	'Phường 13',	1,	'2024-01-28 01:19:47',	'2024-01-28 01:19:47'),
(743,	41,	'Phường 08',	1,	'2024-01-28 01:19:47',	'2024-01-28 01:19:47'),
(744,	41,	'Phường 09',	1,	'2024-01-28 01:19:47',	'2024-01-28 01:19:47'),
(745,	41,	'Phường 12',	1,	'2024-01-28 01:19:47',	'2024-01-28 01:19:47'),
(746,	41,	'Phường 07',	1,	'2024-01-28 01:19:47',	'2024-01-28 01:19:47'),
(747,	41,	'Phường 06',	1,	'2024-01-28 01:19:47',	'2024-01-28 01:19:47'),
(748,	41,	'Phường 04',	1,	'2024-01-28 01:19:47',	'2024-01-28 01:19:47'),
(749,	41,	'Phường 01',	1,	'2024-01-28 01:19:47',	'2024-01-28 01:19:47'),
(750,	41,	'Phường 02',	1,	'2024-01-28 01:19:47',	'2024-01-28 01:19:47'),
(751,	41,	'Phường 16',	1,	'2024-01-28 01:19:47',	'2024-01-28 01:19:47'),
(752,	42,	'Phường 13',	1,	'2024-01-28 01:19:48',	'2024-01-28 01:19:48'),
(753,	42,	'Phường 09',	1,	'2024-01-28 01:19:48',	'2024-01-28 01:19:48'),
(754,	42,	'Phường 06',	1,	'2024-01-28 01:19:48',	'2024-01-28 01:19:48'),
(755,	42,	'Phường 08',	1,	'2024-01-28 01:19:48',	'2024-01-28 01:19:48'),
(756,	42,	'Phường 10',	1,	'2024-01-28 01:19:48',	'2024-01-28 01:19:48'),
(757,	42,	'Phường 18',	1,	'2024-01-28 01:19:48',	'2024-01-28 01:19:48'),
(758,	42,	'Phường 14',	1,	'2024-01-28 01:19:48',	'2024-01-28 01:19:48'),
(759,	42,	'Phường 04',	1,	'2024-01-28 01:19:48',	'2024-01-28 01:19:48'),
(760,	42,	'Phường 03',	1,	'2024-01-28 01:19:48',	'2024-01-28 01:19:48'),
(761,	42,	'Phường 16',	1,	'2024-01-28 01:19:48',	'2024-01-28 01:19:48'),
(762,	42,	'Phường 02',	1,	'2024-01-28 01:19:48',	'2024-01-28 01:19:48'),
(763,	42,	'Phường 15',	1,	'2024-01-28 01:19:48',	'2024-01-28 01:19:48'),
(764,	42,	'Phường 01',	1,	'2024-01-28 01:19:48',	'2024-01-28 01:19:48'),
(765,	43,	'Phường 04',	1,	'2024-01-28 01:19:48',	'2024-01-28 01:19:48'),
(766,	43,	'Phường 09',	1,	'2024-01-28 01:19:48',	'2024-01-28 01:19:48'),
(767,	43,	'Phường 03',	1,	'2024-01-28 01:19:48',	'2024-01-28 01:19:48'),
(768,	43,	'Phường 12',	1,	'2024-01-28 01:19:48',	'2024-01-28 01:19:48'),
(769,	43,	'Phường 02',	1,	'2024-01-28 01:19:48',	'2024-01-28 01:19:48'),
(770,	43,	'Phường 08',	1,	'2024-01-28 01:19:48',	'2024-01-28 01:19:48'),
(771,	43,	'Phường 07',	1,	'2024-01-28 01:19:48',	'2024-01-28 01:19:48'),
(772,	43,	'Phường 01',	1,	'2024-01-28 01:19:48',	'2024-01-28 01:19:48'),
(773,	43,	'Phường 11',	1,	'2024-01-28 01:19:48',	'2024-01-28 01:19:48'),
(774,	43,	'Phường 14',	1,	'2024-01-28 01:19:48',	'2024-01-28 01:19:48'),
(775,	43,	'Phường 05',	1,	'2024-01-28 01:19:48',	'2024-01-28 01:19:48'),
(776,	43,	'Phường 06',	1,	'2024-01-28 01:19:48',	'2024-01-28 01:19:48'),
(777,	43,	'Phường 10',	1,	'2024-01-28 01:19:48',	'2024-01-28 01:19:48'),
(778,	43,	'Phường 13',	1,	'2024-01-28 01:19:48',	'2024-01-28 01:19:48'),
(779,	44,	'Phường 14',	1,	'2024-01-28 01:19:48',	'2024-01-28 01:19:48'),
(780,	44,	'Phường 13',	1,	'2024-01-28 01:19:48',	'2024-01-28 01:19:48'),
(781,	44,	'Phường 09',	1,	'2024-01-28 01:19:48',	'2024-01-28 01:19:48'),
(782,	44,	'Phường 06',	1,	'2024-01-28 01:19:49',	'2024-01-28 01:19:49'),
(783,	44,	'Phường 12',	1,	'2024-01-28 01:19:49',	'2024-01-28 01:19:49'),
(784,	44,	'Phường 05',	1,	'2024-01-28 01:19:49',	'2024-01-28 01:19:49'),
(785,	44,	'Phường 11',	1,	'2024-01-28 01:19:49',	'2024-01-28 01:19:49'),
(786,	44,	'Phường 02',	1,	'2024-01-28 01:19:49',	'2024-01-28 01:19:49'),
(787,	44,	'Phường 01',	1,	'2024-01-28 01:19:49',	'2024-01-28 01:19:49'),
(788,	44,	'Phường 04',	1,	'2024-01-28 01:19:49',	'2024-01-28 01:19:49'),
(789,	44,	'Phường 08',	1,	'2024-01-28 01:19:49',	'2024-01-28 01:19:49'),
(790,	44,	'Phường 03',	1,	'2024-01-28 01:19:49',	'2024-01-28 01:19:49'),
(791,	44,	'Phường 07',	1,	'2024-01-28 01:19:49',	'2024-01-28 01:19:49'),
(792,	44,	'Phường 10',	1,	'2024-01-28 01:19:49',	'2024-01-28 01:19:49'),
(793,	45,	'Phường 08',	1,	'2024-01-28 01:19:49',	'2024-01-28 01:19:49'),
(794,	45,	'Phường 02',	1,	'2024-01-28 01:19:49',	'2024-01-28 01:19:49'),
(795,	45,	'Phường 01',	1,	'2024-01-28 01:19:49',	'2024-01-28 01:19:49'),
(796,	45,	'Phường 03',	1,	'2024-01-28 01:19:49',	'2024-01-28 01:19:49'),
(797,	45,	'Phường 11',	1,	'2024-01-28 01:19:49',	'2024-01-28 01:19:49'),
(798,	45,	'Phường 09',	1,	'2024-01-28 01:19:49',	'2024-01-28 01:19:49'),
(799,	45,	'Phường 10',	1,	'2024-01-28 01:19:49',	'2024-01-28 01:19:49'),
(800,	45,	'Phường 04',	1,	'2024-01-28 01:19:49',	'2024-01-28 01:19:49'),
(801,	45,	'Phường 13',	1,	'2024-01-28 01:19:49',	'2024-01-28 01:19:49'),
(802,	45,	'Phường 12',	1,	'2024-01-28 01:19:49',	'2024-01-28 01:19:49'),
(803,	45,	'Phường 05',	1,	'2024-01-28 01:19:49',	'2024-01-28 01:19:49'),
(804,	45,	'Phường 14',	1,	'2024-01-28 01:19:49',	'2024-01-28 01:19:49'),
(805,	45,	'Phường 06',	1,	'2024-01-28 01:19:49',	'2024-01-28 01:19:49'),
(806,	45,	'Phường 15',	1,	'2024-01-28 01:19:49',	'2024-01-28 01:19:49'),
(807,	45,	'Phường 16',	1,	'2024-01-28 01:19:49',	'2024-01-28 01:19:49'),
(808,	45,	'Phường 07',	1,	'2024-01-28 01:19:49',	'2024-01-28 01:19:49'),
(809,	46,	'Phường Bình Hưng Hòa',	1,	'2024-01-28 01:19:49',	'2024-01-28 01:19:49'),
(810,	46,	'Phường Bình Hưng Hoà A',	1,	'2024-01-28 01:19:49',	'2024-01-28 01:19:49'),
(811,	46,	'Phường Bình Hưng Hoà B',	1,	'2024-01-28 01:19:49',	'2024-01-28 01:19:49'),
(812,	46,	'Phường Bình Trị Đông',	1,	'2024-01-28 01:19:49',	'2024-01-28 01:19:49'),
(813,	46,	'Phường Bình Trị Đông A',	1,	'2024-01-28 01:19:49',	'2024-01-28 01:19:49'),
(814,	46,	'Phường Bình Trị Đông B',	1,	'2024-01-28 01:19:49',	'2024-01-28 01:19:49'),
(815,	46,	'Phường Tân Tạo',	1,	'2024-01-28 01:19:49',	'2024-01-28 01:19:49'),
(816,	46,	'Phường Tân Tạo A',	1,	'2024-01-28 01:19:49',	'2024-01-28 01:19:49'),
(817,	46,	'Phường An Lạc',	1,	'2024-01-28 01:19:49',	'2024-01-28 01:19:49'),
(818,	46,	'Phường An Lạc A',	1,	'2024-01-28 01:19:49',	'2024-01-28 01:19:49'),
(819,	47,	'Phường Tân Thuận Đông',	1,	'2024-01-28 01:19:50',	'2024-01-28 01:19:50'),
(820,	47,	'Phường Tân Thuận Tây',	1,	'2024-01-28 01:19:50',	'2024-01-28 01:19:50'),
(821,	47,	'Phường Tân Kiểng',	1,	'2024-01-28 01:19:50',	'2024-01-28 01:19:50'),
(822,	47,	'Phường Tân Hưng',	1,	'2024-01-28 01:19:50',	'2024-01-28 01:19:50'),
(823,	47,	'Phường Bình Thuận',	1,	'2024-01-28 01:19:50',	'2024-01-28 01:19:50'),
(824,	47,	'Phường Tân Quy',	1,	'2024-01-28 01:19:50',	'2024-01-28 01:19:50'),
(825,	47,	'Phường Phú Thuận',	1,	'2024-01-28 01:19:50',	'2024-01-28 01:19:50'),
(826,	47,	'Phường Tân Phú',	1,	'2024-01-28 01:19:50',	'2024-01-28 01:19:50'),
(827,	47,	'Phường Tân Phong',	1,	'2024-01-28 01:19:50',	'2024-01-28 01:19:50'),
(828,	47,	'Phường Phú Mỹ',	1,	'2024-01-28 01:19:50',	'2024-01-28 01:19:50'),
(829,	48,	'Thị trấn Củ Chi',	1,	'2024-01-28 01:19:50',	'2024-01-28 01:19:50'),
(830,	48,	'Xã Phú Mỹ Hưng',	1,	'2024-01-28 01:19:50',	'2024-01-28 01:19:50'),
(831,	48,	'Xã An Phú',	1,	'2024-01-28 01:19:50',	'2024-01-28 01:19:50'),
(832,	48,	'Xã Trung Lập Thượng',	1,	'2024-01-28 01:19:50',	'2024-01-28 01:19:50'),
(833,	48,	'Xã An Nhơn Tây',	1,	'2024-01-28 01:19:50',	'2024-01-28 01:19:50'),
(834,	48,	'Xã Nhuận Đức',	1,	'2024-01-28 01:19:50',	'2024-01-28 01:19:50'),
(835,	48,	'Xã Phạm Văn Cội',	1,	'2024-01-28 01:19:50',	'2024-01-28 01:19:50'),
(836,	48,	'Xã Phú Hòa Đông',	1,	'2024-01-28 01:19:50',	'2024-01-28 01:19:50'),
(837,	48,	'Xã Trung Lập Hạ',	1,	'2024-01-28 01:19:50',	'2024-01-28 01:19:50'),
(838,	48,	'Xã Trung An',	1,	'2024-01-28 01:19:50',	'2024-01-28 01:19:50'),
(839,	48,	'Xã Phước Thạnh',	1,	'2024-01-28 01:19:50',	'2024-01-28 01:19:50'),
(840,	48,	'Xã Phước Hiệp',	1,	'2024-01-28 01:19:50',	'2024-01-28 01:19:50'),
(841,	48,	'Xã Tân An Hội',	1,	'2024-01-28 01:19:50',	'2024-01-28 01:19:50'),
(842,	48,	'Xã Phước Vĩnh An',	1,	'2024-01-28 01:19:50',	'2024-01-28 01:19:50'),
(843,	48,	'Xã Thái Mỹ',	1,	'2024-01-28 01:19:50',	'2024-01-28 01:19:50'),
(844,	48,	'Xã Tân Thạnh Tây',	1,	'2024-01-28 01:19:50',	'2024-01-28 01:19:50'),
(845,	48,	'Xã Hòa Phú',	1,	'2024-01-28 01:19:50',	'2024-01-28 01:19:50'),
(846,	48,	'Xã Tân Thạnh Đông',	1,	'2024-01-28 01:19:50',	'2024-01-28 01:19:50'),
(847,	48,	'Xã Bình Mỹ',	1,	'2024-01-28 01:19:50',	'2024-01-28 01:19:50'),
(848,	48,	'Xã Tân Phú Trung',	1,	'2024-01-28 01:19:50',	'2024-01-28 01:19:50'),
(849,	48,	'Xã Tân Thông Hội',	1,	'2024-01-28 01:19:50',	'2024-01-28 01:19:50'),
(850,	49,	'Thị trấn Hóc Môn',	1,	'2024-01-28 01:19:50',	'2024-01-28 01:19:50'),
(851,	49,	'Xã Tân Hiệp',	1,	'2024-01-28 01:19:50',	'2024-01-28 01:19:50'),
(852,	49,	'Xã Nhị Bình',	1,	'2024-01-28 01:19:50',	'2024-01-28 01:19:50'),
(853,	49,	'Xã Đông Thạnh',	1,	'2024-01-28 01:19:50',	'2024-01-28 01:19:50'),
(854,	49,	'Xã Tân Thới Nhì',	1,	'2024-01-28 01:19:50',	'2024-01-28 01:19:50'),
(855,	49,	'Xã Thới Tam Thôn',	1,	'2024-01-28 01:19:50',	'2024-01-28 01:19:50'),
(856,	49,	'Xã Xuân Thới Sơn',	1,	'2024-01-28 01:19:50',	'2024-01-28 01:19:50'),
(857,	49,	'Xã Tân Xuân',	1,	'2024-01-28 01:19:50',	'2024-01-28 01:19:50'),
(858,	49,	'Xã Xuân Thới Đông',	1,	'2024-01-28 01:19:50',	'2024-01-28 01:19:50'),
(859,	49,	'Xã Trung Chánh',	1,	'2024-01-28 01:19:50',	'2024-01-28 01:19:50'),
(860,	49,	'Xã Xuân Thới Thượng',	1,	'2024-01-28 01:19:50',	'2024-01-28 01:19:50'),
(861,	49,	'Xã Bà Điểm',	1,	'2024-01-28 01:19:50',	'2024-01-28 01:19:50'),
(862,	50,	'Thị trấn Tân Túc',	1,	'2024-01-28 01:19:51',	'2024-01-28 01:19:51'),
(863,	50,	'Xã Phạm Văn Hai',	1,	'2024-01-28 01:19:51',	'2024-01-28 01:19:51'),
(864,	50,	'Xã Vĩnh Lộc A',	1,	'2024-01-28 01:19:51',	'2024-01-28 01:19:51'),
(865,	50,	'Xã Vĩnh Lộc B',	1,	'2024-01-28 01:19:51',	'2024-01-28 01:19:51'),
(866,	50,	'Xã Bình Lợi',	1,	'2024-01-28 01:19:51',	'2024-01-28 01:19:51'),
(867,	50,	'Xã Lê Minh Xuân',	1,	'2024-01-28 01:19:51',	'2024-01-28 01:19:51'),
(868,	50,	'Xã Tân Nhựt',	1,	'2024-01-28 01:19:51',	'2024-01-28 01:19:51'),
(869,	50,	'Xã Tân Kiên',	1,	'2024-01-28 01:19:51',	'2024-01-28 01:19:51'),
(870,	50,	'Xã Bình Hưng',	1,	'2024-01-28 01:19:51',	'2024-01-28 01:19:51'),
(871,	50,	'Xã Phong Phú',	1,	'2024-01-28 01:19:51',	'2024-01-28 01:19:51'),
(872,	50,	'Xã An Phú Tây',	1,	'2024-01-28 01:19:51',	'2024-01-28 01:19:51'),
(873,	50,	'Xã Hưng Long',	1,	'2024-01-28 01:19:51',	'2024-01-28 01:19:51'),
(874,	50,	'Xã Đa Phước',	1,	'2024-01-28 01:19:51',	'2024-01-28 01:19:51'),
(875,	50,	'Xã Tân Quý Tây',	1,	'2024-01-28 01:19:51',	'2024-01-28 01:19:51'),
(876,	50,	'Xã Bình Chánh',	1,	'2024-01-28 01:19:51',	'2024-01-28 01:19:51'),
(877,	50,	'Xã Quy Đức',	1,	'2024-01-28 01:19:51',	'2024-01-28 01:19:51'),
(878,	51,	'Thị trấn Nhà Bè',	1,	'2024-01-28 01:19:51',	'2024-01-28 01:19:51'),
(879,	51,	'Xã Phước Kiển',	1,	'2024-01-28 01:19:51',	'2024-01-28 01:19:51'),
(880,	51,	'Xã Phước Lộc',	1,	'2024-01-28 01:19:51',	'2024-01-28 01:19:51'),
(881,	51,	'Xã Nhơn Đức',	1,	'2024-01-28 01:19:51',	'2024-01-28 01:19:51'),
(882,	51,	'Xã Phú Xuân',	1,	'2024-01-28 01:19:51',	'2024-01-28 01:19:51'),
(883,	51,	'Xã Long Thới',	1,	'2024-01-28 01:19:51',	'2024-01-28 01:19:51'),
(884,	51,	'Xã Hiệp Phước',	1,	'2024-01-28 01:19:51',	'2024-01-28 01:19:51'),
(885,	52,	'Thị trấn Cần Thạnh',	1,	'2024-01-28 01:19:52',	'2024-01-28 01:19:52'),
(886,	52,	'Xã Bình Khánh',	1,	'2024-01-28 01:19:52',	'2024-01-28 01:19:52'),
(887,	52,	'Xã Tam Thôn Hiệp',	1,	'2024-01-28 01:19:52',	'2024-01-28 01:19:52'),
(888,	52,	'Xã An Thới Đông',	1,	'2024-01-28 01:19:52',	'2024-01-28 01:19:52'),
(889,	52,	'Xã Thạnh An',	1,	'2024-01-28 01:19:52',	'2024-01-28 01:19:52'),
(890,	52,	'Xã Long Hòa',	1,	'2024-01-28 01:19:52',	'2024-01-28 01:19:52'),
(891,	52,	'Xã Lý Nhơn',	1,	'2024-01-28 01:19:52',	'2024-01-28 01:19:52');